"src_nl","tgt_sql"
"List all faculty members","SELECT * FROM faculty;"
"Show faculty full names and designations","SELECT first_name || ' ' || last_name AS full_name, designation FROM faculty;"
"List all active faculty members","SELECT * FROM faculty WHERE is_active = TRUE;"
"Find faculty who joined after 2020","SELECT * FROM faculty WHERE joining_date > '2020-01-01';"
"Get faculty with salary greater than 80000","SELECT * FROM faculty WHERE salary > 80000;"
"Show names of faculty and their departments","SELECT f.first_name, f.last_name, d.department_name FROM faculty f JOIN department d ON f.department_id = d.department_id;"
"Find total number of faculty in each department","SELECT d.department_name, COUNT(f.faculty_id) AS total_faculty FROM faculty f JOIN department d ON f.department_id = d.department_id GROUP BY d.department_name;"
"List faculty with highest salary in each department","SELECT d.department_name, f.first_name, f.last_name, f.salary FROM faculty f JOIN department d ON f.department_id = d.department_id WHERE f.salary = (SELECT MAX(f2.salary) FROM faculty f2 WHERE f2.department_id = f.department_id);"
"Get average salary of all faculty","SELECT AVG(salary) AS average_salary FROM faculty;"
"Show faculty who are not active","SELECT * FROM faculty WHERE is_active = FALSE;"
"Find faculty having qualification as PhD","SELECT * FROM faculty WHERE qualification ILIKE '%PhD%';"
"Show department-wise average salary","SELECT d.department_name, AVG(f.salary) AS avg_salary FROM faculty f JOIN department d ON f.department_id = d.department_id GROUP BY d.department_name;"
"List faculty teaching subjects along with subject names","SELECT f.first_name, f.last_name, s.subject_name FROM faculty f JOIN subject s ON f.faculty_id = s.faculty_id;"
"Find all faculty who teach semester 5 subjects","SELECT DISTINCT f.* FROM faculty f JOIN subject s ON f.faculty_id = s.faculty_id WHERE s.semester = 5;"
"Get count of faculty per qualification level","SELECT qualification, COUNT(*) AS count FROM faculty GROUP BY qualification;"
"Find faculty from Computer Science department","SELECT f.* FROM faculty f JOIN department d ON f.department_id = d.department_id WHERE d.department_name = 'Computer Science';"
"Update salary of a faculty named John Doe to 95000","UPDATE faculty SET salary = 95000 WHERE first_name = 'John' AND last_name = 'Doe';"
"Deactivate all faculty who joined before 2015","UPDATE faculty SET is_active = FALSE WHERE joining_date < '2015-01-01';"
"Delete a faculty record whose ID is 105","DELETE FROM faculty WHERE faculty_id = 105;"
"Insert a new faculty member record","INSERT INTO faculty (faculty_id, first_name, last_name, email, phone, designation, qualification, joining_date, department_id, salary, is_active) VALUES (201, 'Asha', 'Rao', 'asha.rao@example.com', '9876543210', 'Assistant Professor', 'M.Tech', '2023-07-01', 3, 72000, TRUE);"
"src_nl","tgt_sql"
"Get names and emails of all faculty sorted by last name","SELECT first_name, last_name, email FROM faculty ORDER BY last_name;"
"Show faculty who have salary between 50000 and 90000","SELECT * FROM faculty WHERE salary BETWEEN 50000 AND 90000;"
"List faculty who joined this year","SELECT * FROM faculty WHERE EXTRACT(YEAR FROM joining_date) = EXTRACT(YEAR FROM CURRENT_DATE);"
"Find faculty who have not provided phone numbers","SELECT * FROM faculty WHERE phone IS NULL OR phone = '';"
"List top 5 highest paid faculty","SELECT * FROM faculty ORDER BY salary DESC LIMIT 5;"
"Get department name and total active faculty count","SELECT d.department_name, COUNT(f.faculty_id) AS active_faculty FROM faculty f JOIN department d ON f.department_id = d.department_id WHERE f.is_active = TRUE GROUP BY d.department_name;"
"Find faculty who joined before department establishment","SELECT f.first_name, f.last_name, f.joining_date, d.established_date FROM faculty f JOIN department d ON f.department_id = d.department_id WHERE f.joining_date < d.established_date;"
"Get total salary expenditure for each department","SELECT d.department_name, SUM(f.salary) AS total_salary FROM faculty f JOIN department d ON f.department_id = d.department_id GROUP BY d.department_name;"
"Find faculty working in more than one course","SELECT f.first_name, f.last_name, COUNT(DISTINCT s.course_id) AS courses_handled FROM faculty f JOIN subject s ON f.faculty_id = s.faculty_id GROUP BY f.faculty_id, f.first_name, f.last_name HAVING COUNT(DISTINCT s.course_id) > 1;"
"Get faculty whose email domain is gmail","SELECT * FROM faculty WHERE email ILIKE '%@gmail.com';"
"List faculty who joined in June month","SELECT * FROM faculty WHERE EXTRACT(MONTH FROM joining_date) = 6;"
"Show the designation with maximum average salary","SELECT designation FROM faculty GROUP BY designation ORDER BY AVG(salary) DESC LIMIT 1;"
"Find departments having less than 3 active faculty","SELECT d.department_name FROM department d JOIN faculty f ON d.department_id = f.department_id WHERE f.is_active = TRUE GROUP BY d.department_name HAVING COUNT(f.faculty_id) < 3;"
"Get full details of the Head of Department","SELECT * FROM faculty f JOIN department d ON f.first_name || ' ' || f.last_name = d.hod_name;"
"Show all inactive faculty along with their department names","SELECT f.first_name, f.last_name, d.department_name FROM faculty f JOIN department d ON f.department_id = d.department_id WHERE f.is_active = FALSE;"
"List faculty earning above average salary","SELECT * FROM faculty WHERE salary > (SELECT AVG(salary) FROM faculty);"
"Find the department having highest total salary payout","SELECT d.department_name FROM faculty f JOIN department d ON f.department_id = d.department_id GROUP BY d.department_name ORDER BY SUM(f.salary) DESC LIMIT 1;"
"Count total faculty joined each year","SELECT EXTRACT(YEAR FROM joining_date) AS join_year, COUNT(*) AS total_joined FROM faculty GROUP BY EXTRACT(YEAR FROM joining_date) ORDER BY join_year;"
"Show names of faculty teaching more than 3 subjects","SELECT f.first_name, f.last_name FROM faculty f JOIN subject s ON f.faculty_id = s.faculty_id GROUP BY f.faculty_id, f.first_name, f.last_name HAVING COUNT(s.subject_id) > 3;"
"Find faculty with no subjects assigned","SELECT f.* FROM faculty f LEFT JOIN subject s ON f.faculty_id = s.faculty_id WHERE s.subject_id IS NULL;"
"Get all faculty working under departments established after 2010","SELECT f.*, d.department_name FROM faculty f JOIN department d ON f.department_id = d.department_id WHERE d.established_date > '2010-01-01';"
"Increase salary by 10 percent for Assistant Professors","UPDATE faculty SET salary = salary * 1.10 WHERE designation = 'Assistant Professor';"
"Change department of faculty named Priya Sharma to department 4","UPDATE faculty SET department_id = 4 WHERE first_name = 'Priya' AND last_name = 'Sharma';"
"Deactivate faculty who haven’t taught any subject","UPDATE faculty SET is_active = FALSE WHERE faculty_id NOT IN (SELECT DISTINCT faculty_id FROM subject);"
"Delete all faculty with salary below 40000","DELETE FROM faculty WHERE salary < 40000;"
"src_nl","tgt_sql"
"List all students","SELECT * FROM student;"
"Show student full names and emails","SELECT first_name || ' ' || last_name AS full_name, email FROM student;"
"Get students admitted after 2020","SELECT * FROM student WHERE admission_year > 2020;"
"List students from Computer Science department","SELECT s.* FROM student s JOIN department d ON s.department_id = d.department_id WHERE d.department_name = 'Computer Science';"
"Show total number of students","SELECT COUNT(*) AS total_students FROM student;"
"Find students born after 2003","SELECT * FROM student WHERE dob > '2003-01-01';"
"List all female students","SELECT * FROM student WHERE gender = 'Female';"
"Show students sorted by admission year descending","SELECT * FROM student ORDER BY admission_year DESC;"
"Get student details with their department names","SELECT s.first_name, s.last_name, d.department_name FROM student s JOIN department d ON s.department_id = d.department_id;"
"Find students having Gmail IDs","SELECT * FROM student WHERE email ILIKE '%@gmail.com';"
"Count of students per department","SELECT d.department_name, COUNT(s.student_id) AS total_students FROM student s JOIN department d ON s.department_id = d.department_id GROUP BY d.department_name;"
"Get students who joined in 2021 and belong to IT department","SELECT s.* FROM student s JOIN department d ON s.department_id = d.department_id WHERE s.admission_year = 2021 AND d.department_name = 'Information Technology';"
"Find students with no phone number","SELECT * FROM student WHERE phone IS NULL OR phone = '';"
"List top 10 recently created students","SELECT * FROM student ORDER BY created_date DESC LIMIT 10;"
"Find all students who live in Mangalore","SELECT * FROM student WHERE address ILIKE '%Mangalore%';"
"Get number of male and female students","SELECT gender, COUNT(*) FROM student GROUP BY gender;"
"Find average age of students","SELECT AVG(EXTRACT(YEAR FROM AGE(dob))) AS average_age FROM student;"
"Show oldest student details","SELECT * FROM student ORDER BY dob ASC LIMIT 1;"
"Find students who are under 20 years old","SELECT * FROM student WHERE AGE(dob) < INTERVAL '20 years';"
"List all student emails sorted alphabetically","SELECT email FROM student ORDER BY email;"
"Show department having maximum students","SELECT d.department_name FROM department d JOIN student s ON d.department_id = s.department_id GROUP BY d.department_name ORDER BY COUNT(s.student_id) DESC LIMIT 1;"
"Find total number of students admitted per year","SELECT admission_year, COUNT(*) AS total FROM student GROUP BY admission_year ORDER BY admission_year;"
"Get students who enrolled in any course","SELECT DISTINCT s.* FROM student s JOIN enrollment e ON s.student_id = e.student_id;"
"Find students who haven’t enrolled in any course","SELECT * FROM student s WHERE NOT EXISTS (SELECT 1 FROM enrollment e WHERE e.student_id = s.student_id);"
"Show students with their enrolled course names","SELECT s.first_name, s.last_name, c.course_name FROM student s JOIN enrollment e ON s.student_id = e.student_id JOIN course c ON e.course_id = c.course_id;"
"List students enrolled in semester 5","SELECT DISTINCT s.* FROM student s JOIN enrollment e ON s.student_id = e.student_id WHERE e.semester = 5;"
"Find total active enrollments per academic year","SELECT academic_year, COUNT(enrollment_id) AS total_enrollments FROM enrollment GROUP BY academic_year;"
"Show students who scored above 80 total marks in any subject","SELECT DISTINCT s.* FROM student s JOIN marks m ON s.student_id = m.student_id WHERE m.total_marks > 80;"
"List students along with their average marks","SELECT s.first_name, s.last_name, AVG(m.total_marks) AS avg_marks FROM student s JOIN marks m ON s.student_id = m.student_id GROUP BY s.first_name, s.last_name;"
"Find students having attendance below 75 percent","SELECT DISTINCT s.* FROM student s JOIN attendance a ON s.student_id = a.student_id WHERE a.attendance_percentage < 75;"
"Show top 5 students with highest average marks","SELECT s.first_name, s.last_name, AVG(m.total_marks) AS avg_marks FROM student s JOIN marks m ON s.student_id = m.student_id GROUP BY s.student_id, s.first_name, s.last_name ORDER BY avg_marks DESC LIMIT 5;"
"Find students who failed in any subject","SELECT DISTINCT s.* FROM student s JOIN marks m ON s.student_id = m.student_id WHERE m.grade IN ('F','Fail');"
"Get students who scored full marks in any subject","SELECT DISTINCT s.* FROM student s JOIN marks m ON s.student_id = m.student_id WHERE m.total_marks = 100;"
"Show average attendance per semester","SELECT semester, AVG(attendance_percentage) AS avg_attendance FROM attendance GROUP BY semester;"
"Find students with more than 90 percent attendance in all subjects","SELECT s.* FROM student s WHERE NOT EXISTS (SELECT 1 FROM attendance a WHERE a.student_id = s.student_id AND a.attendance_percentage < 90);"
"Get department name and average marks of its students","SELECT d.department_name, AVG(m.total_marks) AS avg_marks FROM department d JOIN student s ON d.department_id = s.department_id JOIN marks m ON s.student_id = m.student_id GROUP BY d.department_name;"
"List students along with total subjects attended","SELECT s.first_name, s.last_name, COUNT(a.subject_id) AS subjects_attended FROM student s JOIN attendance a ON s.student_id = a.student_id GROUP BY s.first_name, s.last_name;"
"Show students who got grade A in all subjects","SELECT s.* FROM student s WHERE NOT EXISTS (SELECT 1 FROM marks m WHERE m.student_id = s.student_id AND m.grade <> 'A');"
"Insert a new student record","INSERT INTO student (student_id, first_name, last_name, gender, dob, email, phone, address, admission_year, department_id, created_date) VALUES (501, 'Megha', 'Shetty', 'Female', '2005-02-15', 'megha.shetty@example.com', '9876000012', 'Mangalore', 2024, 2, NOW());"
"Update email of student named Arjun Kumar","UPDATE student SET email = 'arjun.kumar@college.edu' WHERE first_name = 'Arjun' AND last_name = 'Kumar';"
"Update address for all students in department 3 to Bangalore","UPDATE student SET address = 'Bangalore' WHERE department_id = 3;"
"Delete student record whose ID is 404","DELETE FROM student WHERE student_id = 404;"
"Delete all students admitted before 2015","DELETE FROM student WHERE admission_year < 2015;"
"Get list of students and their grades per subject","SELECT s.first_name, s.last_name, sub.subject_name, m.grade FROM student s JOIN marks m ON s.student_id = m.student_id JOIN subject sub ON m.subject_id = sub.subject_id;"
"Find students who improved their marks between semester 1 and 2","SELECT s.first_name, s.last_name FROM student s JOIN marks m1 ON s.student_id = m1.student_id JOIN marks m2 ON s.student_id = m2.student_id AND m1.semester = 1 AND m2.semester = 2 WHERE m2.total_marks > m1.total_marks;"
"Get students who have failed more than two subjects","SELECT s.first_name, s.last_name FROM student s JOIN marks m ON s.student_id = m.student_id WHERE m.grade = 'F' GROUP BY s.student_id, s.first_name, s.last_name HAVING COUNT(m.subject_id) > 2;"
"Find students enrolled in more than one course","SELECT s.first_name, s.last_name, COUNT(DISTINCT e.course_id) AS total_courses FROM student s JOIN enrollment e ON s.student_id = e.student_id GROUP BY s.student_id, s.first_name, s.last_name HAVING COUNT(DISTINCT e.course_id) > 1;"
"Get students with same last name as their HOD","SELECT s.* FROM student s JOIN department d ON s.department_id = d.department_id WHERE s.last_name = SPLIT_PART(d.hod_name, ' ', 2);"
"Find students who joined in the same year as their department establishment","SELECT s.* FROM student s JOIN department d ON s.department_id = d.department_id WHERE s.admission_year = EXTRACT(YEAR FROM d.established_date);"
"Show students whose attendance date matches any exam date","SELECT DISTINCT s.* FROM student s JOIN attendance a ON s.student_id = a.student_id JOIN marks m ON s.student_id = m.student_id WHERE a.attendance_date = m.exam_date;"
"Get students who have taken all subjects in their course","SELECT s.* FROM student s JOIN course c ON s.department_id = c.department_id JOIN subject sub ON c.course_id = sub.course_id WHERE NOT EXISTS (SELECT sub2.subject_id FROM subject sub2 WHERE sub2.course_id = c.course_id EXCEPT SELECT m.subject_id FROM marks m WHERE m.student_id = s.student_id);"
"List all courses","SELECT * FROM course;"
"Show course names and codes","SELECT course_name, course_code FROM course;"
"Find courses with more than 3 credits","SELECT * FROM course WHERE credits > 3;"
"List all courses offered by Computer Science department","SELECT c.* FROM course c JOIN department d ON c.department_id = d.department_id WHERE d.department_name = 'Computer Science';"
"Get total number of courses","SELECT COUNT(*) AS total_courses FROM course;"
"Show all courses sorted by course name","SELECT * FROM course ORDER BY course_name;"
"List courses lasting more than 2 years","SELECT * FROM course WHERE duration_years > 2;"
"Find course details by course code 'CS101'","SELECT * FROM course WHERE course_code = 'CS101';"
"Get names of all unique departments offering courses","SELECT DISTINCT d.department_name FROM course c JOIN department d ON c.department_id = d.department_id;"
"Find average course duration per department","SELECT d.department_name, AVG(c.duration_years) AS avg_duration FROM course c JOIN department d ON c.department_id = d.department_id GROUP BY d.department_name;"
"Show total number of courses per department","SELECT d.department_name, COUNT(c.course_id) AS total_courses FROM course c JOIN department d ON c.department_id = d.department_id GROUP BY d.department_name;"
"Find the department with the highest number of courses","SELECT d.department_name FROM department d JOIN course c ON d.department_id = c.department_id GROUP BY d.department_name ORDER BY COUNT(c.course_id) DESC LIMIT 1;"
"List all course codes that start with 'ME'","SELECT * FROM course WHERE course_code LIKE 'ME%';"
"Find courses that have exactly 4 credits","SELECT * FROM course WHERE credits = 4;"
"Get total credits of all courses combined","SELECT SUM(credits) AS total_credits FROM course;"
"Show courses and their corresponding department HODs","SELECT c.course_name, d.hod_name FROM course c JOIN department d ON c.department_id = d.department_id;"
"List courses without any subjects assigned","SELECT c.* FROM course c LEFT JOIN subject s ON c.course_id = s.course_id WHERE s.subject_id IS NULL;"
"Find all subjects under each course","SELECT c.course_name, s.subject_name FROM course c JOIN subject s ON c.course_id = s.course_id ORDER BY c.course_name;"
"Show number of subjects for each course","SELECT c.course_name, COUNT(s.subject_id) AS subject_count FROM course c JOIN subject s ON c.course_id = s.course_id GROUP BY c.course_name;"
"Find courses that have subjects handled by faculty named 'Asha Rao'","SELECT DISTINCT c.course_name FROM course c JOIN subject s ON c.course_id = s.course_id JOIN faculty f ON s.faculty_id = f.faculty_id WHERE f.first_name = 'Asha' AND f.last_name = 'Rao';"
"Get course names with their total enrolled students","SELECT c.course_name, COUNT(e.student_id) AS total_students FROM course c JOIN enrollment e ON c.course_id = e.course_id GROUP BY c.course_name;"
"List courses having more than 50 enrollments","SELECT c.course_name FROM course c JOIN enrollment e ON c.course_id = e.course_id GROUP BY c.course_name HAVING COUNT(e.enrollment_id) > 50;"
"Show course with the maximum number of enrollments","SELECT c.course_name FROM course c JOIN enrollment e ON c.course_id = e.course_id GROUP BY c.course_name ORDER BY COUNT(e.enrollment_id) DESC LIMIT 1;"
"Find all courses where students are enrolled in semester 6","SELECT DISTINCT c.course_name FROM course c JOIN enrollment e ON c.course_id = e.course_id WHERE e.semester = 6;"
"List courses that do not have any enrollments","SELECT c.* FROM course c LEFT JOIN enrollment e ON c.course_id = e.course_id WHERE e.course_id IS NULL;"
"Get all course names and their duration in years","SELECT course_name, duration_years FROM course;"
"Find the longest duration course","SELECT * FROM course ORDER BY duration_years DESC LIMIT 1;"
"Get the shortest duration course","SELECT * FROM course ORDER BY duration_years ASC LIMIT 1;"
"Show total number of courses per duration","SELECT duration_years, COUNT(*) AS total FROM course GROUP BY duration_years;"
"List courses with credits between 2 and 5","SELECT * FROM course WHERE credits BETWEEN 2 AND 5;"
"Find average credits for all courses","SELECT AVG(credits) AS avg_credits FROM course;"
"Get details of the course with code starting 'EE' and lasting 4 years","SELECT * FROM course WHERE course_code LIKE 'EE%' AND duration_years = 4;"
"Find department-wise maximum course credits","SELECT d.department_name, MAX(c.credits) AS max_credits FROM course c JOIN department d ON c.department_id = d.department_id GROUP BY d.department_name;"
"Find all departments that offer courses with less than 3 credits","SELECT DISTINCT d.department_name FROM course c JOIN department d ON c.department_id = d.department_id WHERE c.credits < 3;"
"Show all course names and total subjects and credits per course","SELECT c.course_name, COUNT(s.subject_id) AS total_subjects, SUM(c.credits) AS total_credits FROM course c LEFT JOIN subject s ON c.course_id = s.course_id GROUP BY c.course_name;"
"Get course names where department was established before 2010","SELECT c.course_name FROM course c JOIN department d ON c.department_id = d.department_id WHERE d.established_date < '2010-01-01';"
"Insert a new course record","INSERT INTO course (course_id, course_name, course_code, credits, duration_years, description, department_id) VALUES (501, 'Data Analytics', 'DA501', 4, 2, 'Study of data analysis methods', 2);"
"Update duration of course 'Machine Learning' to 3 years","UPDATE course SET duration_years = 3 WHERE course_name = 'Machine Learning';"
"Increase credits by 1 for all courses of department 3","UPDATE course SET credits = credits + 1 WHERE department_id = 3;"
"Delete course with ID 205","DELETE FROM course WHERE course_id = 205;"
"Delete all courses having duration less than 2 years","DELETE FROM course WHERE duration_years < 2;"
"Find courses that have both theory and lab subjects","SELECT DISTINCT c.course_name FROM course c JOIN subject s1 ON c.course_id = s1.course_id JOIN subject s2 ON c.course_id = s2.course_id WHERE s1.subject_name ILIKE '%Theory%' AND s2.subject_name ILIKE '%Lab%';"
"Show all courses taught by faculty with qualification 'PhD'","SELECT DISTINCT c.course_name FROM course c JOIN subject s ON c.course_id = s.course_id JOIN faculty f ON s.faculty_id = f.faculty_id WHERE f.qualification ILIKE '%PhD%';"
"List courses that are common between IT and CS departments","SELECT c.course_name FROM course c JOIN department d ON c.department_id = d.department_id WHERE d.department_name IN ('Information Technology','Computer Science') GROUP BY c.course_name HAVING COUNT(DISTINCT d.department_name) = 2;"
"Find departments that offer more than 5 courses","SELECT d.department_name FROM department d JOIN course c ON d.department_id = c.department_id GROUP BY d.department_name HAVING COUNT(c.course_id) > 5;"
"Get all course names that contain the word 'Engineering'","SELECT * FROM course WHERE course_name ILIKE '%Engineering%';"
"Find average duration and credits per department","SELECT d.department_name, AVG(c.duration_years) AS avg_duration, AVG(c.credits) AS avg_credits FROM course c JOIN department d ON c.department_id = d.department_id GROUP BY d.department_name;"
"Show department that offers the course 'Artificial Intelligence'","SELECT d.department_name FROM department d JOIN course c ON d.department_id = c.department_id WHERE c.course_name = 'Artificial Intelligence';"
"Find the total credits per department","SELECT d.department_name, SUM(c.credits) AS total_credits FROM course c JOIN department d ON c.department_id = d.department_id GROUP BY d.department_name;"
"List all courses with subjects taught in semester 8","SELECT DISTINCT c.course_name FROM course c JOIN subject s ON c.course_id = s.course_id WHERE s.semester = 8;"
"List all faculty members","SELECT * FROM faculty;"
"Show faculty names and designations","SELECT faculty_name, designation FROM faculty;"
"Find all professors","SELECT * FROM faculty WHERE designation = 'Professor';"
"List all assistant professors","SELECT * FROM faculty WHERE designation = 'Assistant Professor';"
"Get faculty with more than 10 years experience","SELECT * FROM faculty WHERE experience > 10;"
"Show faculty from Computer Science department","SELECT f.* FROM faculty f JOIN department d ON f.department = d.department_name WHERE d.department_name = 'Computer Science';"
"Get total number of faculty members","SELECT COUNT(*) AS total_faculty FROM faculty;"
"Show all faculty sorted by name","SELECT * FROM faculty ORDER BY faculty_name;"
"List faculty with less than 5 years of experience","SELECT * FROM faculty WHERE experience < 5;"
"Find details of faculty with ID 'FAC051'","SELECT * FROM faculty WHERE faculty_id = 'FAC051';"
"Get names of all unique departments having faculty","SELECT DISTINCT department FROM faculty;"
"Find average experience of faculty per department","SELECT department, AVG(experience) AS avg_experience FROM faculty GROUP BY department;"
"Show total number of faculty per department","SELECT department, COUNT(faculty_id) AS total_faculty FROM faculty GROUP BY department;"
"Find department with highest number of faculty","SELECT department FROM faculty GROUP BY department ORDER BY COUNT(faculty_id) DESC LIMIT 1;"
"List all faculty whose email ends with '@college.edu'","SELECT * FROM faculty WHERE email LIKE '%@college.edu';"
"Find faculty whose phone number starts with '98'","SELECT * FROM faculty WHERE phone LIKE '98%';"
"Get total experience of all faculty combined","SELECT SUM(experience) AS total_experience FROM faculty;"
"Show faculty names with their department HODs","SELECT f.faculty_name, d.hod_name FROM faculty f JOIN department d ON f.department = d.department_name;"
"List faculty who are not assigned to any subject","SELECT f.* FROM faculty f LEFT JOIN subject s ON f.faculty_id = s.faculty_id WHERE s.subject_id IS NULL;"
"Find all subjects taught by each faculty","SELECT f.faculty_name, s.subject_name FROM faculty f JOIN subject s ON f.faculty_id = s.faculty_id ORDER BY f.faculty_name;"
"Show number of subjects handled by each faculty","SELECT f.faculty_name, COUNT(s.subject_id) AS subject_count FROM faculty f JOIN subject s ON f.faculty_id = s.faculty_id GROUP BY f.faculty_name;"
"Find faculty who teach in semester 5","SELECT DISTINCT f.faculty_name FROM faculty f JOIN subject s ON f.faculty_id = s.faculty_id WHERE s.semester = 5;"
"Get faculty who teach course 'Machine Learning'","SELECT DISTINCT f.faculty_name FROM faculty f JOIN subject s ON f.faculty_id = s.faculty_id JOIN course c ON s.course_id = c.course_id WHERE c.course_name = 'Machine Learning';"
"List faculty who have a PhD qualification","SELECT * FROM faculty WHERE qualification ILIKE '%PhD%';"
"Find faculty with 'M.Tech' qualification in IT department","SELECT * FROM faculty WHERE qualification ILIKE '%M.Tech%' AND department = 'Information Technology';"
"Show faculty having between 5 and 15 years of experience","SELECT * FROM faculty WHERE experience BETWEEN 5 AND 15;"
"Get average experience of all faculty","SELECT AVG(experience) AS avg_experience FROM faculty;"
"Find department-wise maximum faculty experience","SELECT department, MAX(experience) AS max_experience FROM faculty GROUP BY department;"
"Show all faculty who joined before 2015","SELECT * FROM faculty WHERE joining_date < '2015-01-01';"
"Insert a new faculty record","INSERT INTO faculty (faculty_id, faculty_name, department, designation, experience, email, phone) VALUES ('FAC060', 'Ravi Kumar', 'Electronics', 'Assistant Professor', 4, 'ravi.kumar@college.edu', '9988776655');"
"Update experience of 'Vinay Kulkarni' to 14 years","UPDATE faculty SET experience = 14 WHERE faculty_name = 'Vinay Kulkarni';"
"Increase experience by 1 year for all professors","UPDATE faculty SET experience = experience + 1 WHERE designation = 'Professor';"
"Delete faculty with ID 'FAC053'","DELETE FROM faculty WHERE faculty_id = 'FAC053';"
"Delete all faculty with less than 2 years of experience","DELETE FROM faculty WHERE experience < 2;"
"Find faculty teaching both theory and lab subjects","SELECT DISTINCT f.faculty_name FROM faculty f JOIN subject s1 ON f.faculty_id = s1.faculty_id JOIN subject s2 ON f.faculty_id = s2.faculty_id WHERE s1.subject_name ILIKE '%Theory%' AND s2.subject_name ILIKE '%Lab%';"
"List faculty common between CS and IS departments","SELECT faculty_name FROM faculty WHERE department IN ('Computer Science','Information Science') GROUP BY faculty_name HAVING COUNT(DISTINCT department) = 2;"
"Show total number of faculty with PhD per department","SELECT department, COUNT(*) AS phd_faculty FROM faculty WHERE qualification ILIKE '%PhD%' GROUP BY department;"
"Find department with least experienced faculty","SELECT department FROM faculty GROUP BY department ORDER BY AVG(experience) ASC LIMIT 1;"
"Get all faculty whose name contains 'Shetty'","SELECT * FROM faculty WHERE faculty_name ILIKE '%Shetty%';"
"Show faculty who handle subjects in semester 8","SELECT DISTINCT f.faculty_name FROM faculty f JOIN subject s ON f.faculty_id = s.faculty_id WHERE s.semester = 8;"
"List all faculty emails","SELECT email FROM faculty;"
"List all faculty phone numbers","SELECT phone FROM faculty;"
"Show faculty names along with department","SELECT faculty_name, department FROM faculty;"
"Find faculty with experience exactly 5 years","SELECT * FROM faculty WHERE experience = 5;"
"Get faculty with designation 'Associate Professor'","SELECT * FROM faculty WHERE designation = 'Associate Professor';"
"Find faculty in 'Electronics' department","SELECT * FROM faculty WHERE department = 'Electronics';"
"Show faculty names starting with 'A'","SELECT * FROM faculty WHERE faculty_name LIKE 'A%';"
"Show faculty names ending with 'Rao'","SELECT * FROM faculty WHERE faculty_name LIKE '%Rao';"
"Find faculty with email containing 'gmail'","SELECT * FROM faculty WHERE email LIKE '%gmail%';"
"Get all faculty sorted by experience descending","SELECT * FROM faculty ORDER BY experience DESC;"
"Find the most experienced faculty","SELECT * FROM faculty ORDER BY experience DESC LIMIT 1;"
"Find the least experienced faculty","SELECT * FROM faculty ORDER BY experience ASC LIMIT 1;"
"Count number of faculty per designation","SELECT designation, COUNT(*) AS total FROM faculty GROUP BY designation;"
"Show average experience per designation","SELECT designation, AVG(experience) AS avg_experience FROM faculty GROUP BY designation;"
"Find faculty whose name contains 'Shetty'","SELECT * FROM faculty WHERE faculty_name ILIKE '%Shetty%';"
"List faculty with experience between 3 and 8 years","SELECT * FROM faculty WHERE experience BETWEEN 3 AND 8;"
"Show faculty who are HODs","SELECT * FROM faculty WHERE designation ILIKE '%HOD%';"
"Get faculty teaching in semester 2","SELECT DISTINCT f.faculty_name FROM faculty f JOIN subject s ON f.faculty_id = s.faculty_id WHERE s.semester = 2;"
"Find faculty teaching multiple subjects","SELECT f.faculty_name, COUNT(s.subject_id) AS subject_count FROM faculty f JOIN subject s ON f.faculty_id = s.faculty_id GROUP BY f.faculty_name HAVING COUNT(s.subject_id) > 1;"
"List faculty with no subjects assigned","SELECT f.* FROM faculty f LEFT JOIN subject s ON f.faculty_id = s.faculty_id WHERE s.subject_id IS NULL;"
"Show faculty with email ending '.edu'","SELECT * FROM faculty WHERE email LIKE '%.edu';"
"Find faculty in 'Computer Science' or 'IT' department","SELECT * FROM faculty WHERE department IN ('Computer Science','Information Technology');"
"Show total number of faculty per department","SELECT department, COUNT(*) AS total_faculty FROM faculty GROUP BY department;"
"Find faculty with phone number ending in '33'","SELECT * FROM faculty WHERE phone LIKE '%33';"
"Show faculty sorted by joining date ascending","SELECT * FROM faculty ORDER BY joining_date ASC;"
"Get faculty who joined after 2020","SELECT * FROM faculty WHERE joining_date > '2020-01-01';"
"Find faculty with experience greater than average","SELECT * FROM faculty WHERE experience > (SELECT AVG(experience) FROM faculty);"
"List faculty who are not professors","SELECT * FROM faculty WHERE designation != 'Professor';"
"Show faculty whose name contains 'Kumar'","SELECT * FROM faculty WHERE faculty_name ILIKE '%Kumar%';"
"Count faculty per qualification","SELECT qualification, COUNT(*) AS total FROM faculty GROUP BY qualification;"
"Show faculty with PhD and experience > 10","SELECT * FROM faculty WHERE qualification ILIKE '%PhD%' AND experience > 10;"
"Find faculty with multiple courses","SELECT f.faculty_name, COUNT(s.subject_id) AS subject_count FROM faculty f JOIN subject s ON f.faculty_id = s.faculty_id GROUP BY f.faculty_name HAVING COUNT(s.subject_id) > 2;"
"Show faculty teaching course 'Data Science'","SELECT DISTINCT f.faculty_name FROM faculty f JOIN subject s ON f.faculty_id = s.faculty_id JOIN course c ON s.course_id = c.course_id WHERE c.course_name = 'Data Science';"
"Get faculty with experience less than 3 years","SELECT * FROM faculty WHERE experience < 3;"
"Show faculty having M.Tech qualification","SELECT * FROM faculty WHERE qualification ILIKE '%M.Tech%';"
"Find faculty teaching theory subjects","SELECT DISTINCT f.faculty_name FROM faculty f JOIN subject s ON f.faculty_id = s.faculty_id WHERE s.subject_name ILIKE '%Theory%';"
"Find faculty teaching lab subjects","SELECT DISTINCT f.faculty_name FROM faculty f JOIN subject s ON f.faculty_id = s.faculty_id WHERE s.subject_name ILIKE '%Lab%';"
"List faculty handling both theory and lab subjects","SELECT DISTINCT f.faculty_name FROM faculty f JOIN subject s1 ON f.faculty_id = s1.faculty_id JOIN subject s2 ON f.faculty_id = s2.faculty_id WHERE s1.subject_name ILIKE '%Theory%' AND s2.subject_name ILIKE '%Lab%';"
"Show faculty assigned to semester 6","SELECT DISTINCT f.faculty_name FROM faculty f JOIN subject s ON f.faculty_id = s.faculty_id WHERE s.semester = 6;"
"List faculty with duplicate names","SELECT faculty_name, COUNT(*) AS name_count FROM faculty GROUP BY faculty_name HAVING COUNT(*) > 1;"
"Show faculty count per department with experience > 5","SELECT department, COUNT(*) AS total FROM faculty WHERE experience > 5 GROUP BY department;"
"Find faculty not teaching any subject in semester 4","SELECT f.* FROM faculty f LEFT JOIN subject s ON f.faculty_id = s.faculty_id AND s.semester = 4 WHERE s.subject_id IS NULL;"
"Get faculty emails with 'college' domain","SELECT email FROM faculty WHERE email LIKE '%college%';"
"Show faculty names and number of subjects they teach","SELECT f.faculty_name, COUNT(s.subject_id) AS total_subjects FROM faculty f LEFT JOIN subject s ON f.faculty_id = s.faculty_id GROUP BY f.faculty_name;"
"Find faculty in 'Mechanical' or 'Electrical' departments","SELECT * FROM faculty WHERE department IN ('Mechanical','Electrical');"
"Show faculty with experience between 8 and 12 years in CS department","SELECT * FROM faculty WHERE experience BETWEEN 8 AND 12 AND department = 'Computer Science';"
"Find faculty whose name starts with 'D' and qualification is PhD","SELECT * FROM faculty WHERE faculty_name LIKE 'D%' AND qualification ILIKE '%PhD%';"
"List faculty handling subjects in semesters 3 and 4","SELECT DISTINCT f.faculty_name FROM faculty f JOIN subject s ON f.faculty_id = s.faculty_id WHERE s.semester IN (3,4);"
"Get faculty with longest experience","SELECT * FROM faculty ORDER BY experience DESC LIMIT 1;"
"Get faculty with shortest experience","SELECT * FROM faculty ORDER BY experience ASC LIMIT 1;"
"Count number of faculty per designation in IT department","SELECT designation, COUNT(*) AS total FROM faculty WHERE department = 'Information Technology' GROUP BY designation;"
"Show faculty who are HODs in each department","SELECT department, faculty_name FROM faculty WHERE designation ILIKE '%HOD%';"
"Show faculty names and their qualifications","SELECT faculty_name, qualification FROM faculty;"
"List faculty in 'Civil' department","SELECT * FROM faculty WHERE department = 'Civil';"
"Find faculty with experience over 15 years","SELECT * FROM faculty WHERE experience > 15;"
"Get faculty whose email contains 'edu'","SELECT * FROM faculty WHERE email LIKE '%edu%';"
"Show faculty phone numbers starting with '99'","SELECT * FROM faculty WHERE phone LIKE '99%';"
"Find faculty with name ending 'Kumar'","SELECT * FROM faculty WHERE faculty_name LIKE '%Kumar';"
"List faculty with experience less than 1 year","SELECT * FROM faculty WHERE experience < 1;"
"Show faculty with designation 'Lecturer'","SELECT * FROM faculty WHERE designation = 'Lecturer';"
"Get faculty teaching 'Database Systems' course","SELECT DISTINCT f.faculty_name FROM faculty f JOIN subject s ON f.faculty_id = s.faculty_id JOIN course c ON s.course_id = c.course_id WHERE c.course_name = 'Database Systems';"
"Find faculty handling subjects in semester 1","SELECT DISTINCT f.faculty_name FROM faculty f JOIN subject s ON f.faculty_id = s.faculty_id WHERE s.semester = 1;"
"List faculty with multiple courses assigned","SELECT f.faculty_name, COUNT(s.subject_id) AS subject_count FROM faculty f JOIN subject s ON f.faculty_id = s.faculty_id GROUP BY f.faculty_name HAVING COUNT(s.subject_id) > 1;"
"Show total number of faculty per qualification","SELECT qualification, COUNT(*) AS total FROM faculty GROUP BY qualification;"
"Find faculty with qualification 'M.Sc'","SELECT * FROM faculty WHERE qualification ILIKE '%M.Sc%';"
"List faculty in 'Mechanical' department","SELECT * FROM faculty WHERE department = 'Mechanical';"
"Show faculty who joined before 2010","SELECT * FROM faculty WHERE joining_date < '2010-01-01';"
"Get faculty sorted by department and name","SELECT * FROM faculty ORDER BY department, faculty_name;"
"Find faculty teaching both theory and practical subjects","SELECT DISTINCT f.faculty_name FROM faculty f JOIN subject s1 ON f.faculty_id = s1.faculty_id JOIN subject s2 ON f.faculty_id = s2.faculty_id WHERE s1.subject_name ILIKE '%Theory%' AND s2.subject_name ILIKE '%Lab%';"
"List faculty in 'Electrical' department with PhD","SELECT * FROM faculty WHERE department = 'Electrical' AND qualification ILIKE '%PhD%';"
"Show faculty handling subjects in semester 7","SELECT DISTINCT f.faculty_name FROM faculty f JOIN subject s ON f.faculty_id = s.faculty_id WHERE s.semester = 7;"
"Find faculty teaching 'Artificial Intelligence'","SELECT DISTINCT f.faculty_name FROM faculty f JOIN subject s ON f.faculty_id = s.faculty_id JOIN course c ON s.course_id = c.course_id WHERE c.course_name = 'Artificial Intelligence';"
"Show faculty who are HODs","SELECT * FROM faculty WHERE designation ILIKE '%HOD%';"
"List faculty with duplicate phone numbers","SELECT phone, COUNT(*) AS total FROM faculty GROUP BY phone HAVING COUNT(*) > 1;"
"Find faculty not teaching any course","SELECT f.* FROM faculty f LEFT JOIN subject s ON f.faculty_id = s.faculty_id WHERE s.subject_id IS NULL;"
"Show faculty with email ending '@gmail.com'","SELECT * FROM faculty WHERE email LIKE '%@gmail.com';"
"List faculty with experience between 10 and 20 years","SELECT * FROM faculty WHERE experience BETWEEN 10 AND 20;"
"Get faculty teaching 'Computer Networks' course","SELECT DISTINCT f.faculty_name FROM faculty f JOIN subject s ON f.faculty_id = s.faculty_id JOIN course c ON s.course_id = c.course_id WHERE c.course_name = 'Computer Networks';"
"Show total number of faculty per department","SELECT department, COUNT(*) AS total_faculty FROM faculty GROUP BY department;"
"Find faculty with experience greater than department average","SELECT * FROM faculty f1 WHERE experience > (SELECT AVG(f2.experience) FROM faculty f2 WHERE f2.department = f1.department);"
"List faculty in 'Information Technology' department","SELECT * FROM faculty WHERE department = 'Information Technology';"
"Show faculty names starting with 'S'","SELECT * FROM faculty WHERE faculty_name LIKE 'S%';"
"Find faculty handling courses in semester 3","SELECT DISTINCT f.faculty_name FROM faculty f JOIN subject s ON f.faculty_id = s.faculty_id WHERE s.semester = 3;"
"List faculty teaching more than 3 subjects","SELECT f.faculty_name, COUNT(s.subject_id) AS subject_count FROM faculty f JOIN subject s ON f.faculty_id = s.faculty_id GROUP BY f.faculty_name HAVING COUNT(s.subject_id) > 3;"
"Show faculty with experience less than department average","SELECT * FROM faculty f1 WHERE experience < (SELECT AVG(f2.experience) FROM faculty f2 WHERE f2.department = f1.department);"
"Get faculty with PhD and experience less than 5 years","SELECT * FROM faculty WHERE qualification ILIKE '%PhD%' AND experience < 5;"
"Find faculty assigned to semester 4 and 5","SELECT DISTINCT f.faculty_name FROM faculty f JOIN subject s ON f.faculty_id = s.faculty_id WHERE s.semester IN (4,5);"
"List faculty whose name contains 'Rao'","SELECT * FROM faculty WHERE faculty_name ILIKE '%Rao%';"
"Show faculty who teach 'Operating Systems' course","SELECT DISTINCT f.faculty_name FROM faculty f JOIN subject s ON f.faculty_id = s.faculty_id JOIN course c ON s.course_id = c.course_id WHERE c.course_name = 'Operating Systems';"
"Find faculty with experience exactly 8 years","SELECT * FROM faculty WHERE experience = 8;"
"Get faculty with M.Tech and experience over 7 years","SELECT * FROM faculty WHERE qualification ILIKE '%M.Tech%' AND experience > 7;"
"List faculty handling subjects in semester 6 and 7","SELECT DISTINCT f.faculty_name FROM faculty f JOIN subject s ON f.faculty_id = s.faculty_id WHERE s.semester IN (6,7);"
"Show faculty with experience between 2 and 5 years","SELECT * FROM faculty WHERE experience BETWEEN 2 AND 5;"
"Find faculty in 'Civil' and 'Mechanical' departments","SELECT * FROM faculty WHERE department IN ('Civil','Mechanical');"
"Get faculty with longest experience in each department","SELECT department, faculty_name, MAX(experience) AS max_experience FROM faculty GROUP BY department, faculty_name;"
"List faculty handling both theory and lab in semester 2","SELECT DISTINCT f.faculty_name FROM faculty f JOIN subject s1 ON f.faculty_id = s1.faculty_id JOIN subject s2 ON f.faculty_id = s2.faculty_id WHERE s1.subject_name ILIKE '%Theory%' AND s2.subject_name ILIKE '%Lab%' AND s1.semester = 2 AND s2.semester = 2;"
"Show faculty teaching 'Software Engineering'","SELECT DISTINCT f.faculty_name FROM faculty f JOIN subject s ON f.faculty_id = s.faculty_id JOIN course c ON s.course_id = c.course_id WHERE c.course_name = 'Software Engineering';"
"Find faculty with experience more than 12 years in CS department","SELECT * FROM faculty WHERE experience > 12 AND department = 'Computer Science';"
"List faculty with PhD in 'Electronics' department","SELECT * FROM faculty WHERE qualification ILIKE '%PhD%' AND department = 'Electronics';"
"Show faculty names and number of courses assigned","SELECT f.faculty_name, COUNT(s.subject_id) AS total_courses FROM faculty f LEFT JOIN subject s ON f.faculty_id = s.faculty_id GROUP BY f.faculty_name;"
"Get faculty teaching courses in semester 8","SELECT DISTINCT f.faculty_name FROM faculty f JOIN subject s ON f.faculty_id = s.faculty_id WHERE s.semester = 8;"
"Find faculty teaching 'Data Analytics' course","SELECT DISTINCT f.faculty_name FROM faculty f JOIN subject s ON f.faculty_id = s.faculty_id JOIN course c ON s.course_id = c.course_id WHERE c.course_name = 'Data Analytics';"
"List faculty with multiple qualifications","SELECT faculty_name, qualification FROM faculty GROUP BY faculty_name, qualification HAVING COUNT(*) > 1;"
"Show faculty in 'Information Science' with experience > 10 years","SELECT * FROM faculty WHERE department = 'Information Science' AND experience > 10;"
"List faculty with experience over 20 years","SELECT * FROM faculty WHERE experience > 20;"
"Show faculty names and joining dates","SELECT faculty_name, joining_date FROM faculty;"
"Find faculty with phone number containing '1122'","SELECT * FROM faculty WHERE phone LIKE '%1122%';"
"Get faculty in 'Computer Science' with PhD","SELECT * FROM faculty WHERE department = 'Computer Science' AND qualification ILIKE '%PhD%';"
"List faculty who joined after 2018","SELECT * FROM faculty WHERE joining_date > '2018-01-01';"
"Show faculty handling more than 5 subjects","SELECT f.faculty_name, COUNT(s.subject_id) AS subject_count FROM faculty f JOIN subject s ON f.faculty_id = s.faculty_id GROUP BY f.faculty_name HAVING COUNT(s.subject_id) > 5;"
"Find faculty in 'Electrical' department with M.Tech","SELECT * FROM faculty WHERE department = 'Electrical' AND qualification ILIKE '%M.Tech%';"
"Get faculty teaching 'Database Management' course","SELECT DISTINCT f.faculty_name FROM faculty f JOIN subject s ON f.faculty_id = s.faculty_id JOIN course c ON s.course_id = c.course_id WHERE c.course_name = 'Database Management';"
"Show faculty names and number of semesters they teach","SELECT f.faculty_name, COUNT(DISTINCT s.semester) AS semesters FROM faculty f JOIN subject s ON f.faculty_id = s.faculty_id GROUP BY f.faculty_name;"
"List faculty who joined before 2005","SELECT * FROM faculty WHERE joining_date < '2005-01-01';"
"Find faculty whose name starts with 'R'","SELECT * FROM faculty WHERE faculty_name LIKE 'R%';"
"Show faculty teaching in semester 5 or 6","SELECT DISTINCT f.faculty_name FROM faculty f JOIN subject s ON f.faculty_id = s.faculty_id WHERE s.semester IN (5,6);"
"Get faculty in 'Information Technology' department with experience > 10","SELECT * FROM faculty WHERE department = 'Information Technology' AND experience > 10;"
"List faculty with PhD qualification teaching theory subjects","SELECT DISTINCT f.faculty_name FROM faculty f JOIN subject s ON f.faculty_id = s.faculty_id WHERE s.subject_name ILIKE '%Theory%' AND f.qualification ILIKE '%PhD%';"
"Show faculty handling both lab and theory subjects in semester 3","SELECT DISTINCT f.faculty_name FROM faculty f JOIN subject s1 ON f.faculty_id = s1.faculty_id JOIN subject s2 ON f.faculty_id = s2.faculty_id WHERE s1.subject_name ILIKE '%Theory%' AND s2.subject_name ILIKE '%Lab%' AND s1.semester = 3 AND s2.semester = 3;"
"Find faculty teaching 'Machine Learning' and 'Data Analytics'","SELECT DISTINCT f.faculty_name FROM faculty f JOIN subject s ON f.faculty_id = s.faculty_id JOIN course c ON s.course_id = c.course_id WHERE c.course_name IN ('Machine Learning','Data Analytics') GROUP BY f.faculty_name HAVING COUNT(DISTINCT c.course_name) = 2;"
"Show faculty with experience less than 2 years in 'Civil' department","SELECT * FROM faculty WHERE department = 'Civil' AND experience < 2;"
"Get faculty assigned to semester 1","SELECT DISTINCT f.faculty_name FROM faculty f JOIN subject s ON f.faculty_id = s.faculty_id WHERE s.semester = 1;"
"List faculty in 'Mechanical' with PhD","SELECT * FROM faculty WHERE department = 'Mechanical' AND qualification ILIKE '%PhD%';"
"Show faculty teaching in both semester 2 and 3","SELECT DISTINCT f.faculty_name FROM faculty f JOIN subject s ON f.faculty_id = s.faculty_id WHERE s.semester IN (2,3) GROUP BY f.faculty_name HAVING COUNT(DISTINCT s.semester) = 2;"
"Find faculty with longest experience in 'Electronics' department","SELECT * FROM faculty WHERE department = 'Electronics' ORDER BY experience DESC LIMIT 1;"
"List faculty with phone number ending '5566'","SELECT * FROM faculty WHERE phone LIKE '%5566';"
"Show faculty teaching more than 2 courses","SELECT f.faculty_name, COUNT(s.subject_id) AS total_courses FROM faculty f JOIN subject s ON f.faculty_id = s.faculty_id GROUP BY f.faculty_name HAVING COUNT(s.subject_id) > 2;"
"Get faculty with experience between 5 and 10 years in 'IT'","SELECT * FROM faculty WHERE department = 'Information Technology' AND experience BETWEEN 5 AND 10;"
"List faculty with M.Sc or PhD qualification","SELECT * FROM faculty WHERE qualification ILIKE '%M.Sc%' OR qualification ILIKE '%PhD%';"
"Show faculty who joined in 2019","SELECT * FROM faculty WHERE joining_date BETWEEN '2019-01-01' AND '2019-12-31';"
"Find faculty teaching 'Artificial Intelligence' course in semester 4","SELECT DISTINCT f.faculty_name FROM faculty f JOIN subject s ON f.faculty_id = s.faculty_id JOIN course c ON s.course_id = c.course_id WHERE c.course_name = 'Artificial Intelligence' AND s.semester = 4;"
"List faculty with name containing 'Sharma'","SELECT * FROM faculty WHERE faculty_name ILIKE '%Sharma%';"
"Show faculty teaching lab subjects only","SELECT DISTINCT f.faculty_name FROM faculty f JOIN subject s ON f.faculty_id = s.faculty_id WHERE s.subject_name ILIKE '%Lab%';"
"Find faculty with experience more than 15 years teaching theory subjects","SELECT DISTINCT f.faculty_name FROM faculty f JOIN subject s ON f.faculty_id = s.faculty_id WHERE s.subject_name ILIKE '%Theory%' AND f.experience > 15;"
"Get faculty names in alphabetical order","SELECT faculty_name FROM faculty ORDER BY faculty_name ASC;"
"Show faculty in 'Computer Science' and 'IT'","SELECT * FROM faculty WHERE department IN ('Computer Science','Information Technology');"
"List faculty teaching 'Operating Systems' and 'Computer Networks'","SELECT DISTINCT f.faculty_name FROM faculty f JOIN subject s ON f.faculty_id = s.faculty_id JOIN course c ON s.course_id = c.course_id WHERE c.course_name IN ('Operating Systems','Computer Networks') GROUP BY f.faculty_name HAVING COUNT(DISTINCT c.course_name) = 2;"
"Find faculty with experience greater than 12 years and PhD","SELECT * FROM faculty WHERE experience > 12 AND qualification ILIKE '%PhD%';"
"Show faculty assigned to semester 8","SELECT DISTINCT f.faculty_name FROM faculty f JOIN subject s ON f.faculty_id = s.faculty_id WHERE s.semester = 8;"
"Get faculty handling multiple semesters","SELECT f.faculty_name, COUNT(DISTINCT s.semester) AS total_semesters FROM faculty f JOIN subject s ON f.faculty_id = s.faculty_id GROUP BY f.faculty_name HAVING COUNT(DISTINCT s.semester) > 1;"
"List faculty with duplicate emails","SELECT email, COUNT(*) AS total FROM faculty GROUP BY email HAVING COUNT(*) > 1;"
"Show faculty in 'Civil' or 'Electrical' department","SELECT * FROM faculty WHERE department IN ('Civil','Electrical');"
"Find faculty teaching 'Software Engineering'","SELECT DISTINCT f.faculty_name FROM faculty f JOIN subject s ON f.faculty_id = s.faculty_id JOIN course c ON s.course_id = c.course_id WHERE c.course_name = 'Software Engineering';"
"Get faculty with M.Tech and experience more than 5 years","SELECT * FROM faculty WHERE qualification ILIKE '%M.Tech%' AND experience > 5;"
"List faculty assigned to semester 2 and 3","SELECT DISTINCT f.faculty_name FROM faculty f JOIN subject s ON f.faculty_id = s.faculty_id WHERE s.semester IN (2,3);"
"Show faculty teaching theory and lab in semester 5","SELECT DISTINCT f.faculty_name FROM faculty f JOIN subject s1 ON f.faculty_id = s1.faculty_id JOIN subject s2 ON f.faculty_id = s2.faculty_id WHERE s1.subject_name ILIKE '%Theory%' AND s2.subject_name ILIKE '%Lab%' AND s1.semester = 5 AND s2.semester = 5;"
"Find faculty with name starting 'V' and PhD","SELECT * FROM faculty WHERE faculty_name LIKE 'V%' AND qualification ILIKE '%PhD%';"
"List faculty handling subjects in semesters 6 and 7","SELECT DISTINCT f.faculty_name FROM faculty f JOIN subject s ON f.faculty_id = s.faculty_id WHERE s.semester IN (6,7);"
"Show faculty with experience between 3 and 7 years","SELECT * FROM faculty WHERE experience BETWEEN 3 AND 7;"
"Get faculty teaching courses in semester 1","SELECT DISTINCT f.faculty_name FROM faculty f JOIN subject s ON f.faculty_id = s.faculty_id WHERE s.semester = 1;"
"List faculty in 'Electronics' department with experience > 10","SELECT * FROM faculty WHERE department = 'Electronics' AND experience > 10;"
"Show faculty names and subjects they teach","SELECT f.faculty_name, s.subject_name FROM faculty f JOIN subject s ON f.faculty_id = s.faculty_id;"
"List all courses","SELECT * FROM course;"
"Show course names and codes","SELECT course_name, course_code FROM course;"
"Find courses with more than 3 credits","SELECT * FROM course WHERE credits > 3;"
"List all courses offered by Computer Science department","SELECT c.* FROM course c JOIN department d ON c.department_id = d.department_id WHERE d.department_name = 'Computer Science';"
"Get total number of courses","SELECT COUNT(*) AS total_courses FROM course;"
"Show all courses sorted by course name","SELECT * FROM course ORDER BY course_name;"
"List courses lasting more than 2 years","SELECT * FROM course WHERE duration_years > 2;"
"Find course details by course code 'CS101'","SELECT * FROM course WHERE course_code = 'CS101';"
"Get names of all unique departments offering courses","SELECT DISTINCT d.department_name FROM course c JOIN department d ON c.department_id = d.department_id;"
"Find average course duration per department","SELECT d.department_name, AVG(c.duration_years) AS avg_duration FROM course c JOIN department d ON c.department_id = d.department_id GROUP BY d.department_name;"
"Show total number of courses per department","SELECT d.department_name, COUNT(c.course_id) AS total_courses FROM course c JOIN department d ON c.department_id = d.department_id GROUP BY d.department_name;"
"Find the department with the highest number of courses","SELECT d.department_name FROM department d JOIN course c ON d.department_id = c.department_id GROUP BY d.department_name ORDER BY COUNT(c.course_id) DESC LIMIT 1;"
"List all course codes that start with 'ME'","SELECT * FROM course WHERE course_code LIKE 'ME%';"
"Find courses that have exactly 4 credits","SELECT * FROM course WHERE credits = 4;"
"Get total credits of all courses combined","SELECT SUM(credits) AS total_credits FROM course;"
"Show courses and their corresponding department HODs","SELECT c.course_name, d.hod_name FROM course c JOIN department d ON c.department_id = d.department_id;"
"List courses without any subjects assigned","SELECT c.* FROM course c LEFT JOIN subject s ON c.course_id = s.course_id WHERE s.subject_id IS NULL;"
"Find all subjects under each course","SELECT c.course_name, s.subject_name FROM course c JOIN subject s ON c.course_id = s.course_id ORDER BY c.course_name;"
"Show number of subjects for each course","SELECT c.course_name, COUNT(s.subject_id) AS subject_count FROM course c JOIN subject s ON c.course_id = s.course_id GROUP BY c.course_name;"
"Find courses that have subjects handled by faculty named 'Asha Rao'","SELECT DISTINCT c.course_name FROM course c JOIN subject s ON c.course_id = s.course_id JOIN faculty f ON s.faculty_id = f.faculty_id WHERE f.first_name = 'Asha' AND f.last_name = 'Rao';"
"Get course names with their total enrolled students","SELECT c.course_name, COUNT(e.student_id) AS total_students FROM course c JOIN enrollment e ON c.course_id = e.course_id GROUP BY c.course_name;"
"List courses having more than 50 enrollments","SELECT c.course_name FROM course c JOIN enrollment e ON c.course_id = e.course_id GROUP BY c.course_name HAVING COUNT(e.enrollment_id) > 50;"
"Show course with the maximum number of enrollments","SELECT c.course_name FROM course c JOIN enrollment e ON c.course_id = e.course_id GROUP BY c.course_name ORDER BY COUNT(e.enrollment_id) DESC LIMIT 1;"
"Find all courses where students are enrolled in semester 6","SELECT DISTINCT c.course_name FROM course c JOIN enrollment e ON c.course_id = e.course_id WHERE e.semester = 6;"
"List courses that do not have any enrollments","SELECT c.* FROM course c LEFT JOIN enrollment e ON c.course_id = e.course_id WHERE e.course_id IS NULL;"
"Get all course names and their duration in years","SELECT course_name, duration_years FROM course;"
"Find the longest duration course","SELECT * FROM course ORDER BY duration_years DESC LIMIT 1;"
"Get the shortest duration course","SELECT * FROM course ORDER BY duration_years ASC LIMIT 1;"
"Show total number of courses per duration","SELECT duration_years, COUNT(*) AS total FROM course GROUP BY duration_years;"
"List courses with credits between 2 and 5","SELECT * FROM course WHERE credits BETWEEN 2 AND 5;"
"Find average credits for all courses","SELECT AVG(credits) AS avg_credits FROM course;"
"Get details of the course with code starting 'EE' and lasting 4 years","SELECT * FROM course WHERE course_code LIKE 'EE%' AND duration_years = 4;"
"Find department-wise maximum course credits","SELECT d.department_name, MAX(c.credits) AS max_credits FROM course c JOIN department d ON c.department_id = d.department_id GROUP BY d.department_name;"
"Find all departments that offer courses with less than 3 credits","SELECT DISTINCT d.department_name FROM course c JOIN department d ON c.department_id = d.department_id WHERE c.credits < 3;"
"Show all course names and total subjects and credits per course","SELECT c.course_name, COUNT(s.subject_id) AS total_subjects, SUM(c.credits) AS total_credits FROM course c LEFT JOIN subject s ON c.course_id = s.course_id GROUP BY c.course_name;"
"Get course names where department was established before 2010","SELECT c.course_name FROM course c JOIN department d ON c.department_id = d.department_id WHERE d.established_date < '2010-01-01';"
"Insert a new course record","INSERT INTO course (course_id, course_name, course_code, credits, duration_years, description, department_id) VALUES (501, 'Data Analytics', 'DA501', 4, 2, 'Study of data analysis methods', 2);"
"Update duration of course 'Machine Learning' to 3 years","UPDATE course SET duration_years = 3 WHERE course_name = 'Machine Learning';"
"Increase credits by 1 for all courses of department 3","UPDATE course SET credits = credits + 1 WHERE department_id = 3;"
"Delete course with ID 205","DELETE FROM course WHERE course_id = 205;"
"Delete all courses having duration less than 2 years","DELETE FROM course WHERE duration_years < 2;"
"Find courses that have both theory and lab subjects","SELECT DISTINCT c.course_name FROM course c JOIN subject s1 ON c.course_id = s1.course_id JOIN subject s2 ON c.course_id = s2.course_id WHERE s1.subject_name ILIKE '%Theory%' AND s2.subject_name ILIKE '%Lab%';"
"Show all courses taught by faculty with qualification 'PhD'","SELECT DISTINCT c.course_name FROM course c JOIN subject s ON c.course_id = s.course_id JOIN faculty f ON s.faculty_id = f.faculty_id WHERE f.qualification ILIKE '%PhD%';"
"List courses that are common between IT and CS departments","SELECT c.course_name FROM course c JOIN department d ON c.department_id = d.department_id WHERE d.department_name IN ('Information Technology','Computer Science') GROUP BY c.course_name HAVING COUNT(DISTINCT d.department_name) = 2;"
"Find departments that offer more than 5 courses","SELECT d.department_name FROM department d JOIN course c ON d.department_id = c.department_id GROUP BY d.department_name HAVING COUNT(c.course_id) > 5;"
"Get all course names that contain the word 'Engineering'","SELECT * FROM course WHERE course_name ILIKE '%Engineering%';"
"Find average duration and credits per department","SELECT d.department_name, AVG(c.duration_years) AS avg_duration, AVG(c.credits) AS avg_credits FROM course c JOIN department d ON c.department_id = d.department_id GROUP BY d.department_name;"
"Show department that offers the course 'Artificial Intelligence'","SELECT d.department_name FROM department d JOIN course c ON d.department_id = c.department_id WHERE c.course_name = 'Artificial Intelligence';"
"Find the total credits per department","SELECT d.department_name, SUM(c.credits) AS total_credits FROM course c JOIN department d ON c.department_id = d.department_id GROUP BY d.department_name;"
"List all courses with subjects taught in semester 8","SELECT DISTINCT c.course_name FROM course c JOIN subject s ON c.course_id = s.course_id WHERE s.semester = 8;"
"List all 4-year courses","SELECT * FROM course WHERE duration_years = 4;"
"Show all course names ending with 'Engineering'","SELECT * FROM course WHERE course_name ILIKE '%Engineering';"
"Find total number of 3-credit courses","SELECT COUNT(*) AS total_3_credit_courses FROM course WHERE credits = 3;"
"Get courses under 'Mechanical' department","SELECT c.* FROM course c JOIN department d ON c.department_id = d.department_id WHERE d.department_name = 'Mechanical';"
"List all courses having 'Data' in their name","SELECT * FROM course WHERE course_name ILIKE '%Data%';"
"Show course names with their department names","SELECT c.course_name, d.department_name FROM course c JOIN department d ON c.department_id = d.department_id;"
"Find total number of credits for 2-year courses","SELECT SUM(credits) AS total_credits FROM course WHERE duration_years = 2;"
"Get the count of 5-credit courses in 'Computer Science'","SELECT COUNT(*) FROM course c JOIN department d ON c.department_id = d.department_id WHERE d.department_name = 'Computer Science' AND c.credits = 5;"
"Show top 5 longest duration courses","SELECT * FROM course ORDER BY duration_years DESC LIMIT 5;"
"Find total number of courses per credit value","SELECT credits, COUNT(*) AS total_courses FROM course GROUP BY credits;"
"List courses with duration between 1 and 3 years","SELECT * FROM course WHERE duration_years BETWEEN 1 AND 3;"
"Show course codes of all Electrical courses","SELECT course_code FROM course c JOIN department d ON c.department_id = d.department_id WHERE d.department_name = 'Electrical';"
"Get all 2-credit courses offered by Civil department","SELECT c.* FROM course c JOIN department d ON c.department_id = d.department_id WHERE d.department_name = 'Civil' AND c.credits = 2;"
"Find course having maximum credits in each department","SELECT d.department_name, MAX(c.credits) AS max_credits FROM course c JOIN department d ON c.department_id = d.department_id GROUP BY d.department_name;"
"Get all courses grouped by duration","SELECT duration_years, STRING_AGG(course_name, ', ') AS courses FROM course GROUP BY duration_years;"
"Show departments offering 4-year courses","SELECT DISTINCT d.department_name FROM course c JOIN department d ON c.department_id = d.department_id WHERE c.duration_years = 4;"
"Find courses that do not belong to any department","SELECT * FROM course WHERE department_id IS NULL;"
"Show courses having the same credits as 'AI and ML'","SELECT * FROM course WHERE credits = (SELECT credits FROM course WHERE course_name = 'AI and ML');"
"Get the average credits of courses per duration","SELECT duration_years, AVG(credits) AS avg_credits FROM course GROUP BY duration_years;"
"Find all courses where credits > average credits","SELECT * FROM course WHERE credits > (SELECT AVG(credits) FROM course);"
"List all distinct course durations","SELECT DISTINCT duration_years FROM course;"
"Show course names with credits greater than department average","SELECT c.course_name FROM course c JOIN department d ON c.department_id = d.department_id WHERE c.credits > (SELECT AVG(c2.credits) FROM course c2 WHERE c2.department_id = d.department_id);"
"Find courses with identical credit and duration values","SELECT * FROM course WHERE credits = duration_years;"
"Get total number of short-term courses (less than 2 years)","SELECT COUNT(*) FROM course WHERE duration_years < 2;"
"Show all courses with missing description","SELECT * FROM course WHERE description IS NULL OR description = '';"
"List course names containing the word 'Design'","SELECT * FROM course WHERE course_name ILIKE '%Design%';"
"Show course codes and credits sorted by credits descending","SELECT course_code, credits FROM course ORDER BY credits DESC;"
"Get the latest added course (highest course_id)","SELECT * FROM course ORDER BY course_id DESC LIMIT 1;"
"Find total number of 3-year courses per department","SELECT d.department_name, COUNT(c.course_id) AS total_3_year_courses FROM course c JOIN department d ON c.department_id = d.department_id WHERE c.duration_years = 3 GROUP BY d.department_name;"
"Show all course names in uppercase","SELECT UPPER(course_name) FROM course;"
"Show all course names in lowercase","SELECT LOWER(course_name) FROM course;"
"Get total number of courses with even course_id","SELECT COUNT(*) FROM course WHERE MOD(course_id, 2) = 0;"
"Find all courses with similar credits as 'Machine Learning'","SELECT * FROM course WHERE credits = (SELECT credits FROM course WHERE course_name = 'Machine Learning');"
"Show average credits for 4-year courses","SELECT AVG(credits) AS avg_credits FROM course WHERE duration_years = 4;"
"List course names with credits less than 3","SELECT * FROM course WHERE credits < 3;"
"Show top 3 departments by total course credits","SELECT d.department_name, SUM(c.credits) AS total_credits FROM course c JOIN department d ON c.department_id = d.department_id GROUP BY d.department_name ORDER BY total_credits DESC LIMIT 3;"
"Find number of departments offering at least one 5-credit course","SELECT COUNT(DISTINCT department_id) FROM course WHERE credits = 5;"
"Show courses ordered by duration and credits","SELECT * FROM course ORDER BY duration_years DESC, credits DESC;"
"List all courses that include 'Technology' in their name","SELECT * FROM course WHERE course_name ILIKE '%Technology%';"
"Find total duration of all Electrical courses combined","SELECT SUM(c.duration_years) FROM course c JOIN department d ON c.department_id = d.department_id WHERE d.department_name = 'Electrical';"
"Show distinct number of credits available","SELECT DISTINCT credits FROM course ORDER BY credits;"
"Get all courses from departments starting with 'C'","SELECT c.* FROM course c JOIN department d ON c.department_id = d.department_id WHERE d.department_name LIKE 'C%';"
"Find all 3-credit courses that last 2 years","SELECT * FROM course WHERE credits = 3 AND duration_years = 2;"
"Show course names that do not have 'Engineering' in their name","SELECT * FROM course WHERE course_name NOT ILIKE '%Engineering%';"
"Get total count of unique credits and durations","SELECT COUNT(DISTINCT credits) AS unique_credits, COUNT(DISTINCT duration_years) AS unique_durations FROM course;"
"List course names with description longer than 50 characters","SELECT * FROM course WHERE LENGTH(description) > 50;"
"Find the oldest department’s course names","SELECT c.course_name FROM course c JOIN department d ON c.department_id = d.department_id ORDER BY d.established_date ASC LIMIT 5;"
"Show departments with average course duration greater than 3 years","SELECT d.department_name FROM department d JOIN course c ON d.department_id = c.department_id GROUP BY d.department_name HAVING AVG(c.duration_years) > 3;"
"Find all courses with credits divisible by 2","SELECT * FROM course WHERE MOD(credits, 2) = 0;"
"List all course names having both 'Data' and 'Systems'","SELECT * FROM course WHERE course_name ILIKE '%Data%' AND course_name ILIKE '%Systems%';"
"Find course names with 4 credits","SELECT course_name FROM course WHERE credits = 4;"
"Get all elective courses","SELECT * FROM course WHERE course_type = 'Elective';"
"Show mandatory courses only","SELECT * FROM course WHERE course_type = 'Core';"
"List courses offered in semester 6","SELECT * FROM course WHERE semester = 6;"
"Show all advanced-level courses","SELECT * FROM course WHERE level = 'Advanced';"
"Find beginner-level courses","SELECT * FROM course WHERE level = 'Beginner';"
"List all courses having lab work","SELECT * FROM course WHERE has_lab = TRUE;"
"Find total number of credits in semester 4","SELECT SUM(credits) FROM course WHERE semester = 4;"
"Get average course duration","SELECT AVG(duration_weeks) FROM course;"
"Show courses with more than 5 credits","SELECT * FROM course WHERE credits > 5;"
"Find courses shorter than 6 weeks","SELECT * FROM course WHERE duration_weeks < 6;"
"Show courses having exactly 3 credits","SELECT * FROM course WHERE credits = 3;"
"List course names alphabetically","SELECT course_name FROM course ORDER BY course_name;"
"Show top 5 longest courses","SELECT * FROM course ORDER BY duration_weeks DESC LIMIT 5;"
"Find course code for 'Operating Systems'","SELECT course_code FROM course WHERE course_name = 'Operating Systems';"
"List distinct semesters available in course table","SELECT DISTINCT semester FROM course;"
"Count courses offered per semester","SELECT semester, COUNT(*) FROM course GROUP BY semester;"
"Find department offering 'Database Management Systems'","SELECT department FROM course WHERE course_name = 'Database Management Systems';"
"Show number of courses in each department","SELECT department, COUNT(*) FROM course GROUP BY department;"
"List all unique course types","SELECT DISTINCT course_type FROM course;"
"Get total number of courses","SELECT COUNT(*) AS total_courses FROM course;"
"Find the most credited course","SELECT * FROM course ORDER BY credits DESC LIMIT 1;"
"Find the least credited course","SELECT * FROM course ORDER BY credits ASC LIMIT 1;"
"Get average credits per semester","SELECT semester, AVG(credits) FROM course GROUP BY semester;"
"Find all courses whose name starts with 'Data'","SELECT * FROM course WHERE course_name ILIKE 'Data%';"
"List all AI-related courses","SELECT * FROM course WHERE course_name ILIKE '%AI%';"
"Find courses that belong to 'Computer Science' department","SELECT * FROM course WHERE department = 'Computer Science';"
"Show course code and semester for 'Machine Learning'","SELECT course_code, semester FROM course WHERE course_name = 'Machine Learning';"
"List all courses taught in semester 8","SELECT * FROM course WHERE semester = 8;"
"Find courses having 'Network' in their name","SELECT * FROM course WHERE course_name ILIKE '%Network%';"
"Show course codes for elective subjects","SELECT course_code FROM course WHERE course_type = 'Elective';"
"Count total credits in department 'Electronics'","SELECT SUM(credits) FROM course WHERE department = 'Electronics';"
"List courses between 3 and 6 credits","SELECT * FROM course WHERE credits BETWEEN 3 AND 6;"
"Show all courses without lab","SELECT * FROM course WHERE has_lab = FALSE;"
"Find departments that offer courses in semester 7","SELECT DISTINCT department FROM course WHERE semester = 7;"
"Get maximum credits available in a course","SELECT MAX(credits) FROM course;"
"Find all theory-based courses","SELECT * FROM course WHERE course_name ILIKE '%Theory%';"
"Show courses added after 2020","SELECT * FROM course WHERE added_year > 2020;"
"Find average duration of courses with labs","SELECT AVG(duration_weeks) FROM course WHERE has_lab = TRUE;"
"List all postgraduate-level courses","SELECT * FROM course WHERE level = 'Postgraduate';"
"Show total number of elective courses per department","SELECT department, COUNT(*) FROM course WHERE course_type = 'Elective' GROUP BY department;"
"Find number of courses in semester 1","SELECT COUNT(*) FROM course WHERE semester = 1;"
"List all core courses in IT department","SELECT * FROM course WHERE department = 'Information Technology' AND course_type = 'Core';"
"Get total credits offered by CS department","SELECT SUM(credits) FROM course WHERE department = 'Computer Science';"
"Show all courses introduced before 2018","SELECT * FROM course WHERE added_year < 2018;"
"Find course with longest duration","SELECT * FROM course ORDER BY duration_weeks DESC LIMIT 1;"
"Show department that offers maximum courses","SELECT department FROM course GROUP BY department ORDER BY COUNT(*) DESC LIMIT 1;"
"Find courses that include 'Lab' in title","SELECT * FROM course WHERE course_name ILIKE '%Lab%';"
"Show total number of semesters available","SELECT COUNT(DISTINCT semester) FROM course;"
"List all online courses","SELECT * FROM course WHERE mode = 'Online';"
"List all courses in semester 2","SELECT * FROM course WHERE semester = 2;"
"Show course names and credits for semester 3","SELECT course_name, credits FROM course WHERE semester = 3;"
"Find all courses with duration more than 12 weeks","SELECT * FROM course WHERE duration_weeks > 12;"
"Get courses with less than 3 credits","SELECT * FROM course WHERE credits < 3;"
"List courses offered by 'Mechanical' department","SELECT * FROM course WHERE department = 'Mechanical';"
"Show courses with duration between 6 and 10 weeks","SELECT * FROM course WHERE duration_weeks BETWEEN 6 AND 10;"
"Find all courses containing 'Software'","SELECT * FROM course WHERE course_name ILIKE '%Software%';"
"List courses that are core and in semester 4","SELECT * FROM course WHERE course_type = 'Core' AND semester = 4;"
"Get total number of online courses","SELECT COUNT(*) AS total_online_courses FROM course WHERE mode = 'Online';"
"Show elective courses in IT department","SELECT * FROM course WHERE course_type = 'Elective' AND department = 'Information Technology';"
"Find courses offered in semester 1 or 2","SELECT * FROM course WHERE semester IN (1,2);"
"List all courses with credits equal to 5","SELECT * FROM course WHERE credits = 5;"
"Show course names with longest duration","SELECT * FROM course ORDER BY duration_weeks DESC LIMIT 5;"
"Find shortest duration courses","SELECT * FROM course ORDER BY duration_weeks ASC LIMIT 5;"
"Get total credits per department","SELECT department, SUM(credits) AS total_credits FROM course GROUP BY department;"
"List courses that are only theory","SELECT * FROM course WHERE course_name ILIKE '%Theory%';"
"Show courses with labs in semester 6","SELECT * FROM course WHERE has_lab = TRUE AND semester = 6;"
"Find courses offered after 2019","SELECT * FROM course WHERE added_year > 2019;"
"List postgraduate courses","SELECT * FROM course WHERE level = 'Postgraduate';"
"Show courses with credits between 2 and 4","SELECT * FROM course WHERE credits BETWEEN 2 AND 4;"
"Find courses offered by 'Electrical' department","SELECT * FROM course WHERE department = 'Electrical';"
"Get all courses containing 'Engineering'","SELECT * FROM course WHERE course_name ILIKE '%Engineering%';"
"Show courses with total credits greater than 10","SELECT * FROM course WHERE credits > 10;"
"List courses that are core","SELECT * FROM course WHERE course_type = 'Core';"
"Find courses in semester 5 with labs","SELECT * FROM course WHERE semester = 5 AND has_lab = TRUE;"
"Show courses taught online","SELECT * FROM course WHERE mode = 'Online';"
"List courses starting with 'Data'","SELECT * FROM course WHERE course_name ILIKE 'Data%';"
"Find courses ending with 'Systems'","SELECT * FROM course WHERE course_name ILIKE '%Systems';"
"Show courses in semester 7 with more than 4 credits","SELECT * FROM course WHERE semester = 7 AND credits > 4;"
"Get all core courses in CS department","SELECT * FROM course WHERE course_type = 'Core' AND department = 'Computer Science';"
"List courses with credits divisible by 2","SELECT * FROM course WHERE MOD(credits,2) = 0;"
"Show top 3 courses with maximum credits","SELECT * FROM course ORDER BY credits DESC LIMIT 3;"
"Find courses with both lab and theory","SELECT * FROM course WHERE course_name ILIKE '%Lab%' AND course_name ILIKE '%Theory%';"
"List courses in semester 8 with credits 3 or 4","SELECT * FROM course WHERE semester = 8 AND credits IN (3,4);"
"Show all short courses (less than 6 weeks)","SELECT * FROM course WHERE duration_weeks < 6;"
"Find total courses per semester","SELECT semester, COUNT(*) AS total_courses FROM course GROUP BY semester;"
"List courses offered by departments starting with 'C'","SELECT * FROM course WHERE department LIKE 'C%';"
"Show courses added before 2020","SELECT * FROM course WHERE added_year < 2020;"
"Find courses that include 'Analytics'","SELECT * FROM course WHERE course_name ILIKE '%Analytics%';"
"List courses with maximum credits per department","SELECT department, MAX(credits) AS max_credits FROM course GROUP BY department;"
"Show minimum duration courses","SELECT * FROM course ORDER BY duration_weeks ASC LIMIT 5;"
"Get total credits of all elective courses","SELECT SUM(credits) AS total_credits FROM course WHERE course_type = 'Elective';"
"Find courses in semester 3 or 4","SELECT * FROM course WHERE semester IN (3,4);"
"List courses having 'Machine' in name","SELECT * FROM course WHERE course_name ILIKE '%Machine%';"
"Show all courses with missing descriptions","SELECT * FROM course WHERE description IS NULL OR description = '';"
"Find courses with more than 3 credits in IT department","SELECT * FROM course WHERE credits > 3 AND department = 'Information Technology';"
"List courses in semester 2 with duration more than 8 weeks","SELECT * FROM course WHERE semester = 2 AND duration_weeks > 8;"
"Show core courses with labs","SELECT * FROM course WHERE course_type = 'Core' AND has_lab = TRUE;"
"Get courses offered in semesters 1,2,3","SELECT * FROM course WHERE semester IN (1,2,3);"
"Find courses that are beginner-level","SELECT * FROM course WHERE level = 'Beginner';"
"List courses with credits less than 5","SELECT * FROM course WHERE credits < 5;"
"Show courses with labs and duration greater than 10 weeks","SELECT * FROM course WHERE has_lab = TRUE AND duration_weeks > 10;"
"Find online elective courses","SELECT * FROM course WHERE mode = 'Online' AND course_type = 'Elective';"
"List core courses in semester 6","SELECT * FROM course WHERE course_type = 'Core' AND semester = 6;"
"List all courses offered in semester 1","SELECT * FROM course WHERE semester = 1;"
"Show course names and their departments","SELECT course_name, department FROM course;"
"Find courses with credits greater than 4","SELECT * FROM course WHERE credits > 4;"
"Get all courses with lab component","SELECT * FROM course WHERE has_lab = TRUE;"
"List courses with duration less than 8 weeks","SELECT * FROM course WHERE duration_weeks < 8;"
"Show all courses in the 'Civil' department","SELECT * FROM course WHERE department = 'Civil';"
"Find courses containing 'Network'","SELECT * FROM course WHERE course_name ILIKE '%Network%';"
"List courses that are elective","SELECT * FROM course WHERE course_type = 'Elective';"
"Show core courses in semester 5","SELECT * FROM course WHERE course_type = 'Core' AND semester = 5;"
"Find courses with duration more than 10 weeks","SELECT * FROM course WHERE duration_weeks > 10;"
"Get all courses offered online","SELECT * FROM course WHERE mode = 'Online';"
"List courses with exactly 3 credits","SELECT * FROM course WHERE credits = 3;"
"Show courses with maximum credits","SELECT * FROM course ORDER BY credits DESC LIMIT 1;"
"Find courses in the 'Electrical' department","SELECT * FROM course WHERE department = 'Electrical';"
"List all courses containing 'AI'","SELECT * FROM course WHERE course_name ILIKE '%AI%';"
"Show total credits for semester 4","SELECT SUM(credits) AS total_credits FROM course WHERE semester = 4;"
"Find courses in semester 6 with labs","SELECT * FROM course WHERE semester = 6 AND has_lab = TRUE;"
"Get all postgraduate courses","SELECT * FROM course WHERE level = 'Postgraduate';"
"List courses offered in semester 3","SELECT * FROM course WHERE semester = 3;"
"Show courses with credits between 2 and 5","SELECT * FROM course WHERE credits BETWEEN 2 AND 5;"
"Find courses starting with 'Data'","SELECT * FROM course WHERE course_name ILIKE 'Data%';"
"List courses ending with 'Engineering'","SELECT * FROM course WHERE course_name ILIKE '%Engineering';"
"Show all core courses","SELECT * FROM course WHERE course_type = 'Core';"
"Find shortest duration courses","SELECT * FROM course ORDER BY duration_weeks ASC LIMIT 5;"
"Get average duration of all courses","SELECT AVG(duration_weeks) AS avg_duration FROM course;"
"List courses with credits divisible by 2","SELECT * FROM course WHERE MOD(credits, 2) = 0;"
"Show courses offered after 2021","SELECT * FROM course WHERE added_year > 2021;"
"Find courses with both lab and theory","SELECT * FROM course WHERE course_name ILIKE '%Lab%' AND course_name ILIKE '%Theory%';"
"List elective courses in CS department","SELECT * FROM course WHERE course_type = 'Elective' AND department = 'Computer Science';"
"Show top 5 courses by duration","SELECT * FROM course ORDER BY duration_weeks DESC LIMIT 5;"
"Find courses in semester 2 or 3","SELECT * FROM course WHERE semester IN (2,3);"
"List courses containing 'Machine Learning'","SELECT * FROM course WHERE course_name ILIKE '%Machine Learning%';"
"Show courses with missing descriptions","SELECT * FROM course WHERE description IS NULL OR description = '';"
"Find courses with credits greater than department average","SELECT * FROM course WHERE credits > (SELECT AVG(credits) FROM course WHERE department = course.department);"
"List online courses in semester 6","SELECT * FROM course WHERE mode = 'Online' AND semester = 6;"
"Show courses in semester 7 with duration more than 8 weeks","SELECT * FROM course WHERE semester = 7 AND duration_weeks > 8;"
"Find beginner-level courses","SELECT * FROM course WHERE level = 'Beginner';"
"List courses in semester 8 with labs","SELECT * FROM course WHERE semester = 8 AND has_lab = TRUE;"
"Show total courses per department","SELECT department, COUNT(*) AS total_courses FROM course GROUP BY department;"
"Find courses with credits less than 3","SELECT * FROM course WHERE credits < 3;"
"List courses that include 'Analytics'","SELECT * FROM course WHERE course_name ILIKE '%Analytics%';"
"Show maximum credits per department","SELECT department, MAX(credits) AS max_credits FROM course GROUP BY department;"
"Find minimum duration courses","SELECT * FROM course ORDER BY duration_weeks ASC LIMIT 5;"
"Get total credits of all elective courses","SELECT SUM(credits) AS total_credits FROM course WHERE course_type = 'Elective';"
"List courses with credits 3 or 4","SELECT * FROM course WHERE credits IN (3,4);"
"Show core courses in semester 6","SELECT * FROM course WHERE course_type = 'Core' AND semester = 6;"
"Find courses offered by departments starting with 'E'","SELECT * FROM course WHERE department LIKE 'E%';"
"List courses added before 2019","SELECT * FROM course WHERE added_year < 2019;"
"Show online elective courses","SELECT * FROM course WHERE mode = 'Online' AND course_type = 'Elective';"
"Find courses with labs and duration greater than 12 weeks","SELECT * FROM course WHERE has_lab = TRUE AND duration_weeks > 12;"
"List courses in semester 1 with credits more than 3","SELECT * FROM course WHERE semester = 1 AND credits > 3;"
"Show all courses with level 'Advanced'","SELECT * FROM course WHERE level = 'Advanced';"
src_nl,tgt_sql
"List all departments","SELECT * FROM department;"
"Show department names and their HODs","SELECT department_name, hod_name FROM department;"
"Get the contact email and HOD name for each department","SELECT department_name, hod_name, contact_email FROM department;"
"List departments established after 2015","SELECT * FROM department WHERE established_date > '2015-01-01';"
"Find departments established before 2000","SELECT * FROM department WHERE established_date < '2000-01-01';"
"Show total number of departments","SELECT COUNT(*) AS total_departments FROM department;"
"Get department details along with number of students in each","SELECT d.department_name, COUNT(s.student_id) AS student_count FROM department d LEFT JOIN student s ON d.department_id = s.department_id GROUP BY d.department_name;"
"List departments with more than 50 students","SELECT d.department_name, COUNT(s.student_id) AS total_students FROM department d JOIN student s ON d.department_id = s.department_id GROUP BY d.department_name HAVING COUNT(s.student_id) > 50;"
"Find departments that have active faculty members","SELECT DISTINCT d.department_name FROM department d JOIN faculty f ON d.department_id = f.department_id WHERE f.is_active = TRUE;"
"Show department name and average salary of faculty","SELECT d.department_name, AVG(f.salary) AS avg_salary FROM department d JOIN faculty f ON d.department_id = f.department_id GROUP BY d.department_name;"
"List each department and number of courses offered","SELECT d.department_name, COUNT(c.course_id) AS total_courses FROM department d LEFT JOIN course c ON d.department_id = c.department_id GROUP BY d.department_name;"
"Get departments having at least one course with credits more than 4","SELECT DISTINCT d.department_name FROM department d JOIN course c ON d.department_id = c.department_id WHERE c.credits > 4;"
"Find HODs who have departments with more than 3 faculty members","SELECT d.hod_name, d.department_name FROM department d JOIN faculty f ON d.department_id = f.department_id GROUP BY d.hod_name, d.department_name HAVING COUNT(f.faculty_id) > 3;"
"Get department and list of faculty emails under it","SELECT d.department_name, f.email FROM department d JOIN faculty f ON d.department_id = f.department_id;"
"Find departments that have no students enrolled","SELECT d.department_name FROM department d LEFT JOIN student s ON d.department_id = s.department_id WHERE s.student_id IS NULL;"
"Show departments along with total subjects taught under them","SELECT d.department_name, COUNT(sub.subject_id) AS total_subjects FROM department d JOIN course c ON d.department_id = c.department_id JOIN subject sub ON c.course_id = sub.course_id GROUP BY d.department_name;"
"Get the oldest department","SELECT * FROM department ORDER BY established_date ASC LIMIT 1;"
"Get the newest department","SELECT * FROM department ORDER BY established_date DESC LIMIT 1;"
"Update HOD name for Computer Science department","UPDATE department SET hod_name = 'Dr. Raghav Menon' WHERE department_name = 'Computer Science';"
"Delete a department that has no linked courses","DELETE FROM department WHERE department_id NOT IN (SELECT department_id FROM course);"
"Show department names along with their total enrollments","SELECT d.department_name, COUNT(e.enrollment_id) AS total_enrollments FROM department d JOIN student s ON d.department_id = s.department_id JOIN enrollment e ON s.student_id = e.student_id GROUP BY d.department_name;"
"List departments where faculty count is between 5 and 10","SELECT d.department_name, COUNT(f.faculty_id) AS faculty_count FROM department d JOIN faculty f ON d.department_id = f.department_id GROUP BY d.department_name HAVING COUNT(f.faculty_id) BETWEEN 5 AND 10;"
"Get department name and total credits offered in all courses","SELECT d.department_name, SUM(c.credits) AS total_credits FROM department d JOIN course c ON d.department_id = c.department_id GROUP BY d.department_name;"
"Find departments where at least one student has total marks above 90","SELECT DISTINCT d.department_name FROM department d JOIN student s ON d.department_id = s.department_id JOIN marks m ON s.student_id = m.student_id WHERE m.total_marks > 90;"
"Show departments and average internal marks of their students","SELECT d.department_name, AVG(m.internal_marks) AS avg_internal_marks FROM department d JOIN student s ON d.department_id = s.department_id JOIN marks m ON s.student_id = m.student_id GROUP BY d.department_name;"
"List departments and the number of distinct semesters their courses cover","SELECT d.department_name, COUNT(DISTINCT sub.semester) AS total_semesters FROM department d JOIN course c ON d.department_id = c.department_id JOIN subject sub ON c.course_id = sub.course_id GROUP BY d.department_name;"
"Get departments and the highest external marks obtained in their subjects","SELECT d.department_name, MAX(m.external_marks) AS highest_external_marks FROM department d JOIN student s ON d.department_id = s.department_id JOIN marks m ON s.student_id = m.student_id JOIN subject sub ON m.subject_id = sub.subject_id JOIN course c ON sub.course_id = c.course_id WHERE c.department_id = d.department_id GROUP BY d.department_name;"
"Show department names with total classes conducted in all subjects","SELECT d.department_name, SUM(a.total_classes) AS total_classes_conducted FROM department d JOIN course c ON d.department_id = c.department_id JOIN subject sub ON c.course_id = sub.course_id JOIN attendance a ON sub.subject_id = a.subject_id GROUP BY d.department_name;"
"List departments and percentage of active students","SELECT d.department_name, (COUNT(e.enrollment_id) FILTER (WHERE e.is_active = TRUE)::decimal / COUNT(e.enrollment_id) * 100) AS active_student_percentage FROM department d JOIN student s ON d.department_id = s.department_id JOIN enrollment e ON s.student_id = e.student_id GROUP BY d.department_name;"
"Show departments that have more than 2 courses lasting more than 3 years","SELECT d.department_name FROM department d JOIN course c ON d.department_id = c.department_id WHERE c.duration_years > 3 GROUP BY d.department_name HAVING COUNT(c.course_id) > 2;"
"Find departments where all faculty are active","SELECT d.department_name FROM department d WHERE NOT EXISTS (SELECT 1 FROM faculty f WHERE f.department_id = d.department_id AND f.is_active = FALSE);"
"Get department name and total number of subjects handled by each faculty","SELECT d.department_name, COUNT(sub.subject_id) AS total_subjects FROM department d JOIN course c ON d.department_id = c.department_id JOIN subject sub ON c.course_id = sub.course_id GROUP BY d.department_name;"
"List departments along with students’ average total marks per semester","SELECT d.department_name, sub.semester, AVG(m.total_marks) AS avg_total_marks FROM department d JOIN student s ON d.department_id = s.department_id JOIN marks m ON s.student_id = m.student_id JOIN subject sub ON m.subject_id = sub.subject_id JOIN course c ON sub.course_id = c.course_id WHERE c.department_id = d.department_id GROUP BY d.department_name, sub.semester;"
"Find departments where the HOD name starts with 'Dr.'","SELECT * FROM department WHERE hod_name LIKE 'Dr.%';"
"Get department-wise total faculty salary expenditure","SELECT d.department_name, SUM(f.salary) AS total_salary FROM department d JOIN faculty f ON d.department_id = f.department_id GROUP BY d.department_name;"
"Show departments having courses in more than 3 semesters","SELECT d.department_name FROM department d JOIN course c ON d.department_id = c.department_id JOIN subject sub ON c.course_id = sub.course_id GROUP BY d.department_name HAVING COUNT(DISTINCT sub.semester) > 3;"
"List departments and the most recent admission year of their students","SELECT d.department_name, MAX(s.admission_year) AS latest_admission_year FROM department d JOIN student s ON d.department_id = s.department_id GROUP BY d.department_name;"
"Get departments along with the count of students with attendance below 75%","SELECT d.department_name, COUNT(a.attendance_id) AS low_attendance_students FROM department d JOIN student s ON d.department_id = s.department_id JOIN attendance a ON s.student_id = a.student_id WHERE a.attendance_percentage < 75 GROUP BY d.department_name;"
"Find departments with courses where total credits exceed 20","SELECT d.department_name FROM department d JOIN course c ON d.department_id = c.department_id GROUP BY d.department_name HAVING SUM(c.credits) > 20;"
"Show department names and all courses’ names concatenated","SELECT d.department_name, STRING_AGG(c.course_name, ', ') AS course_list FROM department d JOIN course c ON d.department_id = c.department_id GROUP BY d.department_name;"
"Get departments where no faculty has a PhD qualification","SELECT d.department_name FROM department d WHERE NOT EXISTS (SELECT 1 FROM faculty f WHERE f.department_id = d.department_id AND f.qualification LIKE '%PhD%');"
"List departments along with the earliest joining date of their faculty","SELECT d.department_name, MIN(f.joining_date) AS earliest_joining FROM department d JOIN faculty f ON d.department_id = f.department_id GROUP BY d.department_name;"
"Show departments and the number of students per admission year","SELECT d.department_name, s.admission_year, COUNT(s.student_id) AS student_count FROM department d JOIN student s ON d.department_id = s.department_id GROUP BY d.department_name, s.admission_year;"
"Get departments with courses that have subjects in semester 1","SELECT DISTINCT d.department_name FROM department d JOIN course c ON d.department_id = c.department_id JOIN subject sub ON c.course_id = sub.course_id WHERE sub.semester = 1;"
"Find departments where the total number of faculty is less than the number of students","SELECT d.department_name FROM department d JOIN faculty f ON d.department_id = f.department_id JOIN student s ON d.department_id = s.department_id GROUP BY d.department_name HAVING COUNT(f.faculty_id) < COUNT(s.student_id);"
"List departments along with the maximum course duration","SELECT d.department_name, MAX(c.duration_years) AS max_duration FROM department d JOIN course c ON d.department_id = c.department_id GROUP BY d.department_name;"
"Get department names where at least one student has a grade 'A' in any subject","SELECT DISTINCT d.department_name FROM department d JOIN student s ON d.department_id = s.department_id JOIN marks m ON s.student_id = m.student_id WHERE m.grade = 'A';"
"Show departments and the minimum attendance percentage among students","SELECT d.department_name, MIN(a.attendance_percentage) AS min_attendance FROM department d JOIN student s ON d.department_id = s.department_id JOIN attendance a ON s.student_id = a.student_id GROUP BY d.department_name;"
"List departments along with the total number of distinct subjects taught","SELECT d.department_name, COUNT(DISTINCT sub.subject_id) AS total_subjects FROM department d JOIN course c ON d.department_id = c.department_id JOIN subject sub ON c.course_id = sub.course_id GROUP BY d.department_name;"
"Find departments that have students enrolled in multiple courses","SELECT d.department_name FROM department d JOIN student s ON d.department_id = s.department_id JOIN enrollment e ON s.student_id = e.student_id GROUP BY d.department_name HAVING COUNT(DISTINCT e.course_id) > 1;"
"Show department name and total marks obtained by all students","SELECT d.department_name, SUM(m.total_marks) AS total_marks FROM department d JOIN student s ON d.department_id = s.department_id JOIN marks m ON s.student_id = m.student_id GROUP BY d.department_name;"
"List departments with at least one faculty whose salary is above 100000","SELECT DISTINCT d.department_name FROM department d JOIN faculty f ON d.department_id = f.department_id WHERE f.salary > 100000;"
"Get department names and number of students with email ending in '.edu'","SELECT d.department_name, COUNT(s.student_id) AS edu_students FROM department d JOIN student s ON d.department_id = s.department_id WHERE s.email LIKE '%.edu' GROUP BY d.department_name;"
"Show departments where the HOD name contains 'Kumar'","SELECT * FROM department WHERE hod_name LIKE '%Kumar%';"
"List departments and the average credits per course","SELECT d.department_name, AVG(c.credits) AS avg_credits FROM department d JOIN course c ON d.department_id = c.department_id GROUP BY d.department_name;"
"Find departments where no student has a phone number starting with '987'","SELECT d.department_name FROM department d WHERE NOT EXISTS (SELECT 1 FROM student s WHERE s.department_id = d.department_id AND s.phone LIKE '987%');"
"Show department names with courses offered in semester 2","SELECT DISTINCT d.department_name FROM department d JOIN course c ON d.department_id = c.department_id JOIN subject sub ON c.course_id = sub.course_id WHERE sub.semester = 2;"
"Get departments along with total number of active faculty","SELECT d.department_name, COUNT(f.faculty_id) AS active_faculty_count FROM department d JOIN faculty f ON d.department_id = f.department_id WHERE f.is_active = TRUE GROUP BY d.department_name;"
"List departments and student counts grouped by gender","SELECT d.department_name, s.gender, COUNT(s.student_id) AS student_count FROM department d JOIN student s ON d.department_id = s.department_id GROUP BY d.department_name, s.gender;"
"Find departments where all students have attended at least 50% of classes","SELECT d.department_name FROM department d WHERE NOT EXISTS (SELECT 1 FROM student s JOIN attendance a ON s.student_id = a.student_id WHERE s.department_id = d.department_id AND a.attendance_percentage < 50);"
"Show department names with the total number of students who scored below 40 in any subject","SELECT d.department_name, COUNT(DISTINCT s.student_id) AS failing_students FROM department d JOIN student s ON d.department_id = s.department_id JOIN marks m ON s.student_id = m.student_id WHERE m.total_marks < 40 GROUP BY d.department_name;"
"Get departments along with the average semester in which subjects are taught","SELECT d.department_name, AVG(sub.semester) AS avg_semester FROM department d JOIN course c ON d.department_id = c.department_id JOIN subject sub ON c.course_id = sub.course_id GROUP BY d.department_name;"
"List departments along with the count of inactive faculty","SELECT d.department_name, COUNT(f.faculty_id) AS inactive_faculty_count FROM department d JOIN faculty f ON d.department_id = f.department_id WHERE f.is_active = FALSE GROUP BY d.department_name;"
"Show department names with the total number of enrollments in the current academic year","SELECT d.department_name, COUNT(e.enrollment_id) AS current_year_enrollments FROM department d JOIN student s ON d.department_id = s.department_id JOIN enrollment e ON s.student_id = e.student_id WHERE e.academic_year = EXTRACT(YEAR FROM CURRENT_DATE) GROUP BY d.department_name;"
"Find departments that have both male and female students","SELECT d.department_name FROM department d JOIN student s ON d.department_id = s.department_id GROUP BY d.department_name HAVING COUNT(DISTINCT s.gender) = 2;"
"List departments with courses having at least one subject in semester 4","SELECT DISTINCT d.department_name FROM department d JOIN course c ON d.department_id = c.department_id JOIN subject sub ON c.course_id = sub.course_id WHERE sub.semester = 4;"
"Get departments where the average student total marks exceed 75","SELECT d.department_name, AVG(m.total_marks) AS avg_total_marks FROM department d JOIN student s ON d.department_id = s.department_id JOIN marks m ON s.student_id = m.student_id GROUP BY d.department_name HAVING AVG(m.total_marks) > 75;"
"Show departments along with the maximum marks obtained by a student in any subject","SELECT d.department_name, MAX(m.total_marks) AS max_marks FROM department d JOIN student s ON d.department_id = s.department_id JOIN marks m ON s.student_id = m.student_id GROUP BY d.department_name;"
"Find departments with no courses","SELECT d.department_name FROM department d LEFT JOIN course c ON d.department_id = c.department_id WHERE c.course_id IS NULL;"
"List departments and the number of distinct courses each faculty teaches","SELECT d.department_name, COUNT(DISTINCT sub.course_id) AS courses_per_faculty FROM department d JOIN faculty f ON d.department_id = f.department_id JOIN subject sub ON f.faculty_id = sub.faculty_id GROUP BY d.department_name;"
"Get departments where average faculty salary exceeds 80000","SELECT d.department_name, AVG(f.salary) AS avg_salary FROM department d JOIN faculty f ON d.department_id = f.department_id GROUP BY d.department_name HAVING AVG(f.salary) > 80000;"
"Show departments and total classes attended by all students combined","SELECT d.department_name, SUM(a.attended_classes) AS total_attended_classes FROM department d JOIN student s ON d.department_id = s.department_id JOIN attendance a ON s.student_id = a.student_id GROUP BY d.department_name;"
"List departments and number of students who have scored grade 'B'","SELECT d.department_name, COUNT(m.marks_id) AS grade_b_students FROM department d JOIN student s ON d.department_id = s.department_id JOIN marks m ON s.student_id = m.student_id WHERE m.grade = 'B' GROUP BY d.department_name;"
"Find departments where the HOD is also a faculty member","SELECT d.department_name FROM department d JOIN faculty f ON d.hod_name = CONCAT(f.first_name, ' ', f.last_name);"
"Show departments and the average number of credits per subject","SELECT d.department_name, AVG(sub.credits) AS avg_subject_credits FROM department d JOIN course c ON d.department_id = c.department_id JOIN subject sub ON c.course_id = sub.course_id GROUP BY d.department_name;"
"Get department names where no student has enrolled in the last 2 years","SELECT d.department_name FROM department d WHERE NOT EXISTS (SELECT 1 FROM student s JOIN enrollment e ON s.student_id = e.student_id WHERE s.department_id = d.department_id AND e.enroll_date >= CURRENT_DATE - INTERVAL '2 years');"
"List departments and total number of subjects each faculty teaches","SELECT d.department_name, COUNT(sub.subject_id) AS subjects_per_faculty FROM department d JOIN faculty f ON d.department_id = f.department_id JOIN subject sub ON f.faculty_id = sub.faculty_id GROUP BY d.department_name;"
"Show departments with courses having duration less than 2 years","SELECT DISTINCT d.department_name FROM department d JOIN course c ON d.department_id = c.department_id WHERE c.duration_years < 2;"
"Get departments where at least one student has phone starting with '99'","SELECT DISTINCT d.department_name FROM department d JOIN student s ON d.department_id = s.department_id WHERE s.phone LIKE '99%';"
"List departments along with total number of admin users in each","SELECT d.department_name, COUNT(a.user_id) AS admin_count FROM department d LEFT JOIN admin_user a ON d.department_id = a.department_id GROUP BY d.department_name;"
"Find departments where every course has more than 3 credits","SELECT d.department_name FROM department d WHERE NOT EXISTS (SELECT 1 FROM course c WHERE c.department_id = d.department_id AND c.credits <= 3);"
"Show departments along with average student attendance percentage","SELECT d.department_name, AVG(a.attendance_percentage) AS avg_attendance FROM department d JOIN student s ON d.department_id = s.department_id JOIN attendance a ON s.student_id = a.student_id GROUP BY d.department_name;"
"Get departments that have both courses and faculty but no students","SELECT d.department_name FROM department d JOIN faculty f ON d.department_id = f.department_id JOIN course c ON d.department_id = c.department_id LEFT JOIN student s ON d.department_id = s.department_id WHERE s.student_id IS NULL GROUP BY d.department_name;"
"List departments and the average number of courses per department","SELECT d.department_name, COUNT(c.course_id)::decimal / COUNT(DISTINCT d.department_id) AS avg_courses FROM department d LEFT JOIN course c ON d.department_id = c.department_id GROUP BY d.department_name;"
"Show departments where no faculty has a designation 'Professor'","SELECT d.department_name FROM department d WHERE NOT EXISTS (SELECT 1 FROM faculty f WHERE f.department_id = d.department_id AND f.designation = 'Professor');"
"Find departments having students born before 2000","SELECT DISTINCT d.department_name FROM department d JOIN student s ON d.department_id = s.department_id WHERE s.dob < '2000-01-01';"
"List departments and the count of distinct semesters their subjects cover","SELECT d.department_name, COUNT(DISTINCT sub.semester) AS semester_count FROM department d JOIN course c ON d.department_id = c.department_id JOIN subject sub ON c.course_id = sub.course_id GROUP BY d.department_name;"
"Get departments where HOD email is missing","SELECT * FROM department WHERE contact_email IS NULL;"
"Show departments with courses whose total credits sum to more than 50","SELECT d.department_name FROM department d JOIN course c ON d.department_id = c.department_id GROUP BY d.department_name HAVING SUM(c.credits) > 50;"
"List departments and the earliest enrollment date of their students","SELECT d.department_name, MIN(e.enroll_date) AS earliest_enroll_date FROM department d JOIN student s ON d.department_id = s.department_id JOIN enrollment e ON s.student_id = e.student_id GROUP BY d.department_name;"
"Find departments with faculty having qualification containing 'MSc'","SELECT DISTINCT d.department_name FROM department d JOIN faculty f ON d.department_id = f.department_id WHERE f.qualification LIKE '%MSc%';"
"Show department names with more than 100 total students","SELECT d.department_name FROM department d JOIN student s ON d.department_id = s.department_id GROUP BY d.department_name HAVING COUNT(s.student_id) > 100;"
"Get departments where all courses have duration less than 4 years","SELECT d.department_name FROM department d WHERE NOT EXISTS (SELECT 1 FROM course c WHERE c.department_id = d.department_id AND c.duration_years >= 4);"
"List departments and the student count for each gender","SELECT d.department_name, s.gender, COUNT(s.student_id) AS gender_count FROM department d JOIN student s ON d.department_id = s.department_id GROUP BY d.department_name, s.gender;"
"Show departments where at least one course has 5 or more credits","SELECT DISTINCT d.department_name FROM department d JOIN course c ON d.department_id = c.department_id WHERE c.credits >= 5;"
"Get departments with faculty whose joining date is after 2018-01-01","SELECT DISTINCT d.department_name FROM department d JOIN faculty f ON d.department_id = f.department_id WHERE f.joining_date > '2018-01-01';"
"List departments and total number of marks recorded for their students","SELECT d.department_name, COUNT(m.marks_id) AS total_marks_entries FROM department d JOIN student s ON d.department_id = s.department_id JOIN marks m ON s.student_id = m.student_id GROUP BY d.department_name;"
"Find departments where student emails are unique within the department","SELECT d.department_name FROM department d JOIN student s ON d.department_id = s.department_id GROUP BY d.department_name, s.email HAVING COUNT(s.email) = 1;"
"Show departments and maximum number of classes attended by a student","SELECT d.department_name, MAX(a.attended_classes) AS max_attended FROM department d JOIN student s ON d.department_id = s.department_id JOIN attendance a ON s.student_id = a.student_id GROUP BY d.department_name;"
"Get departments having at least one admin user active","SELECT DISTINCT d.department_name FROM department d JOIN admin_user a ON d.department_id = a.department_id WHERE a.is_active = TRUE;"
"List departments and the concatenated list of HOD names (for example in case of multiple entries)","SELECT STRING_AGG(hod_name, ', ') AS hod_list FROM department;"
"Show departments where total number of faculty is greater than total number of courses","SELECT d.department_name FROM department d JOIN faculty f ON d.department_id = f.department_id JOIN course c ON d.department_id = c.department_id GROUP BY d.department_name HAVING COUNT(f.faculty_id) > COUNT(c.course_id);"
"Get departments and average number of students per course","SELECT d.department_name, COUNT(s.student_id)::decimal / COUNT(DISTINCT c.course_id) AS avg_students_per_course FROM department d JOIN student s ON d.department_id = s.department_id JOIN enrollment e ON s.student_id = e.student_id JOIN course c ON e.course_id = c.course_id GROUP BY d.department_name;"
"List all students","SELECT * FROM student;"
"Show first name, last name, and email of all students","SELECT first_name, last_name, email FROM student;"
"Get students admitted in 2023","SELECT * FROM student WHERE admission_year = 2023;"
"List students along with their department names","SELECT s.*, d.department_name FROM student s JOIN department d ON s.department_id = d.department_id;"
"Find students whose last name is 'Shetty'","SELECT * FROM student WHERE last_name = 'Shetty';"
"Get students who are enrolled in the Computer Science department","SELECT s.* FROM student s JOIN department d ON s.department_id = d.department_id WHERE d.department_name = 'Computer Science';"
"Show students born before 2000","SELECT * FROM student WHERE dob < '2000-01-01';"
"List students along with total courses they are enrolled in","SELECT s.first_name, s.last_name, COUNT(e.course_id) AS total_courses FROM student s JOIN enrollment e ON s.student_id = e.student_id GROUP BY s.student_id, s.first_name, s.last_name;"
"Find students with email ending in '.edu'","SELECT * FROM student WHERE email LIKE '%.edu';"
"Show students and their HOD names","SELECT s.first_name, s.last_name, d.hod_name FROM student s JOIN department d ON s.department_id = d.department_id;"
"Get students with phone numbers starting with '987'","SELECT * FROM student WHERE phone LIKE '987%';"
"List students along with their total marks in all subjects","SELECT s.first_name, s.last_name, SUM(m.total_marks) AS total_marks FROM student s JOIN marks m ON s.student_id = m.student_id GROUP BY s.student_id, s.first_name, s.last_name;"
"Find students with total marks greater than 90 in any subject","SELECT DISTINCT s.* FROM student s JOIN marks m ON s.student_id = m.student_id WHERE m.total_marks > 90;"
"Show students and their average attendance percentage","SELECT s.first_name, s.last_name, AVG(a.attendance_percentage) AS avg_attendance FROM student s JOIN attendance a ON s.student_id = a.student_id GROUP BY s.student_id, s.first_name, s.last_name;"
"List students who are currently active in enrollment","SELECT DISTINCT s.* FROM student s JOIN enrollment e ON s.student_id = e.student_id WHERE e.is_active = TRUE;"
"Find students along with the courses they are enrolled in","SELECT s.first_name, s.last_name, c.course_name FROM student s JOIN enrollment e ON s.student_id = e.student_id JOIN course c ON e.course_id = c.course_id;"
"Show students who have scored grade 'A' in any subject","SELECT DISTINCT s.* FROM student s JOIN marks m ON s.student_id = m.student_id WHERE m.grade = 'A';"
"Get students grouped by gender","SELECT gender, COUNT(student_id) AS total_students FROM student GROUP BY gender;"
"List students with their department and total courses taken","SELECT s.first_name, s.last_name, d.department_name, COUNT(e.course_id) AS total_courses FROM student s JOIN department d ON s.department_id = d.department_id LEFT JOIN enrollment e ON s.student_id = e.student_id GROUP BY s.student_id, s.first_name, s.last_name, d.department_name;"
"Find students who have attended less than 75% of classes in any subject","SELECT DISTINCT s.* FROM student s JOIN attendance a ON s.student_id = a.student_id WHERE a.attendance_percentage < 75;"
"Show students along with their course names and semester","SELECT s.first_name, s.last_name, c.course_name, e.semester FROM student s JOIN enrollment e ON s.student_id = e.student_id JOIN course c ON e.course_id = c.course_id;"
"Get students with total marks between 50 and 80","SELECT s.* FROM student s JOIN marks m ON s.student_id = m.student_id WHERE m.total_marks BETWEEN 50 AND 80;"
"List students and the faculty teaching their subjects","SELECT DISTINCT s.first_name, s.last_name, f.first_name AS faculty_first, f.last_name AS faculty_last FROM student s JOIN marks m ON s.student_id = m.student_id JOIN subject sub ON m.subject_id = sub.subject_id JOIN faculty f ON sub.faculty_id = f.faculty_id;"
"Find students who have not enrolled in any course","SELECT * FROM student s WHERE NOT EXISTS (SELECT 1 FROM enrollment e WHERE s.student_id = e.student_id);"
"Show students with more than 3 enrollments","SELECT s.first_name, s.last_name, COUNT(e.course_id) AS course_count FROM student s JOIN enrollment e ON s.student_id = e.student_id GROUP BY s.student_id, s.first_name, s.last_name HAVING COUNT(e.course_id) > 3;"
"List students along with the department HOD and contact email","SELECT s.first_name, s.last_name, d.hod_name, d.contact_email FROM student s JOIN department d ON s.department_id = d.department_id;"
"Get students who scored less than 40 in any subject","SELECT DISTINCT s.* FROM student s JOIN marks m ON s.student_id = m.student_id WHERE m.total_marks < 40;"
"Show students and their average marks per semester","SELECT s.first_name, s.last_name, m.semester, AVG(m.total_marks) AS avg_marks FROM student s JOIN marks m ON s.student_id = m.student_id GROUP BY s.student_id, s.first_name, s.last_name, m.semester;"
"List students along with total classes attended and total classes conducted","SELECT s.first_name, s.last_name, SUM(a.attended_classes) AS total_attended, SUM(a.total_classes) AS total_classes FROM student s JOIN attendance a ON s.student_id = a.student_id GROUP BY s.student_id, s.first_name, s.last_name;"
"Find students who have attended all classes","SELECT s.* FROM student s JOIN attendance a ON s.student_id = a.student_id WHERE a.attended_classes = a.total_classes;"
"Show students enrolled in courses of more than 3 credits","SELECT DISTINCT s.* FROM student s JOIN enrollment e ON s.student_id = e.student_id JOIN course c ON e.course_id = c.course_id WHERE c.credits > 3;"
"Get students with faculty qualification 'PhD' teaching them any subject","SELECT DISTINCT s.first_name, s.last_name FROM student s JOIN marks m ON s.student_id = m.student_id JOIN subject sub ON m.subject_id = sub.subject_id JOIN faculty f ON sub.faculty_id = f.faculty_id WHERE f.qualification LIKE '%PhD%';"
"List students and their department names for departments established after 2010","SELECT s.first_name, s.last_name, d.department_name FROM student s JOIN department d ON s.department_id = d.department_id WHERE d.established_date > '2010-01-01';"
"Find students whose email contains 'gmail.com'","SELECT * FROM student WHERE email LIKE '%gmail.com%';"
"Show students and number of subjects they have marks in","SELECT s.first_name, s.last_name, COUNT(m.subject_id) AS subjects_count FROM student s JOIN marks m ON s.student_id = m.student_id GROUP BY s.student_id, s.first_name, s.last_name;"
"List students who have not attended any class","SELECT * FROM student s WHERE NOT EXISTS (SELECT 1 FROM attendance a WHERE s.student_id = a.student_id);"
"Get students along with their department name and number of courses enrolled","SELECT s.first_name, s.last_name, d.department_name, COUNT(e.course_id) AS total_courses FROM student s JOIN department d ON s.department_id = d.department_id LEFT JOIN enrollment e ON s.student_id = e.student_id GROUP BY s.student_id, s.first_name, s.last_name, d.department_name;"
"Find students who scored above 95 in any subject and have attendance above 90%","SELECT DISTINCT s.* FROM student s JOIN marks m ON s.student_id = m.student_id JOIN attendance a ON s.student_id = a.student_id WHERE m.total_marks > 95 AND a.attendance_percentage > 90;"
"Show students and their course codes","SELECT s.first_name, s.last_name, c.course_code FROM student s JOIN enrollment e ON s.student_id = e.student_id JOIN course c ON e.course_id = c.course_id;"
"Get students along with total external marks and internal marks separately","SELECT s.first_name, s.last_name, SUM(m.internal_marks) AS total_internal, SUM(m.external_marks) AS total_external FROM student s JOIN marks m ON s.student_id = m.student_id GROUP BY s.student_id, s.first_name, s.last_name;"
"List students along with the total number of subjects they are enrolled in","SELECT s.first_name, s.last_name, COUNT(sub.subject_id) AS total_subjects FROM student s JOIN marks m ON s.student_id = m.student_id JOIN subject sub ON m.subject_id = sub.subject_id GROUP BY s.student_id, s.first_name, s.last_name;"
"Show students with average marks above 85","SELECT s.first_name, s.last_name, AVG(m.total_marks) AS avg_marks FROM student s JOIN marks m ON s.student_id = m.student_id GROUP BY s.student_id, s.first_name, s.last_name HAVING AVG(m.total_marks) > 85;"
"Find students whose department HOD is 'Dr. Raghav'","SELECT s.first_name, s.last_name FROM student s JOIN department d ON s.department_id = d.department_id WHERE d.hod_name = 'Dr. Raghav';"
"Get students enrolled in both 'Mathematics' and 'Physics' courses","SELECT s.first_name, s.last_name FROM student s JOIN enrollment e1 ON s.student_id = e1.student_id JOIN course c1 ON e1.course_id = c1.course_id JOIN enrollment e2 ON s.student_id = e2.student_id JOIN course c2 ON e2.course_id = c2.course_id WHERE c1.course_name = 'Mathematics' AND c2.course_name = 'Physics';"
"List students along with the maximum marks scored in any subject","SELECT s.first_name, s.last_name, MAX(m.total_marks) AS max_marks FROM student s JOIN marks m ON s.student_id = m.student_id GROUP BY s.student_id, s.first_name, s.last_name;"
"Show students who have failed (marks < 35) in any subject","SELECT DISTINCT s.* FROM student s JOIN marks m ON s.student_id = m.student_id WHERE m.total_marks < 35;"
"Find students who have never received grade 'F'","SELECT s.* FROM student s WHERE NOT EXISTS (SELECT 1 FROM marks m WHERE s.student_id = m.student_id AND m.grade = 'F');"
"Get students along with the department they belong to and total faculty in that department","SELECT s.first_name, s.last_name, d.department_name, COUNT(f.faculty_id) AS total_faculty FROM student s JOIN department d ON s.department_id = d.department_id JOIN faculty f ON d.department_id = f.department_id GROUP BY s.student_id, s.first_name, s.last_name, d.department_name;"
"List students who have attended all classes for subject 'Biology'","SELECT DISTINCT s.* FROM student s JOIN attendance a ON s.student_id = a.student_id JOIN subject sub ON a.subject_id = sub.subject_id WHERE sub.subject_name = 'Biology' AND a.attended_classes = a.total_classes;"
"Show students with total internal marks greater than 50","SELECT s.* FROM student s JOIN marks m ON s.student_id = m.student_id GROUP BY s.student_id HAVING SUM(m.internal_marks) > 50;"
"Find students with phone numbers containing '1234'","SELECT * FROM student WHERE phone LIKE '%1234%';"
"Get students enrolled in courses from multiple departments","SELECT s.first_name, s.last_name FROM student s JOIN enrollment e ON s.student_id = e.student_id JOIN course c ON e.course_id = c.course_id GROUP BY s.student_id, s.first_name, s.last_name HAVING COUNT(DISTINCT c.department_id) > 1;"
"List students along with the earliest exam date they appeared for","SELECT s.first_name, s.last_name, MIN(m.exam_date) AS first_exam FROM student s JOIN marks m ON s.student_id = m.student_id GROUP BY s.student_id, s.first_name, s.last_name;"
"Show students who have more than 2 subjects in semester 3","SELECT s.first_name, s.last_name FROM student s JOIN marks m ON s.student_id = m.student_id JOIN subject sub ON m.subject_id = sub.subject_id WHERE sub.semester = 3 GROUP BY s.student_id, s.first_name, s.last_name HAVING COUNT(sub.subject_id) > 2;"
"Find students with average attendance below 60%","SELECT s.first_name, s.last_name, AVG(a.attendance_percentage) AS avg_attendance FROM student s JOIN attendance a ON s.student_id = a.student_id GROUP BY s.student_id, s.first_name, s.last_name HAVING AVG(a.attendance_percentage) < 60;"
"Get students who are enrolled in courses with credits more than 4","SELECT DISTINCT s.* FROM student s JOIN enrollment e ON s.student_id = e.student_id JOIN course c ON e.course_id = c.course_id WHERE c.credits > 4;"
"List students along with the names of faculties teaching their subjects","SELECT DISTINCT s.first_name, s.last_name, f.first_name AS faculty_first, f.last_name AS faculty_last FROM student s JOIN marks m ON s.student_id = m.student_id JOIN subject sub ON m.subject_id = sub.subject_id JOIN faculty f ON sub.faculty_id = f.faculty_id;"
"Show students who are active in enrollment and have internal marks above 40","SELECT DISTINCT s.* FROM student s JOIN enrollment e ON s.student_id = e.student_id JOIN marks m ON s.student_id = m.student_id WHERE e.is_active = TRUE AND m.internal_marks > 40;"
"Find students who belong to departments established before 2005","SELECT s.first_name, s.last_name FROM student s JOIN department d ON s.department_id = d.department_id WHERE d.established_date < '2005-01-01';"
"Get students along with the total courses, subjects, and average marks","SELECT s.first_name, s.last_name, COUNT(DISTINCT e.course_id) AS total_courses, COUNT(DISTINCT m.subject_id) AS total_subjects, AVG(m.total_marks) AS avg_marks FROM student s LEFT JOIN enrollment e ON s.student_id = e.student_id LEFT JOIN marks m ON s.student_id = m.student_id GROUP BY s.student_id, s.first_name, s.last_name;"
"List students along with the total external marks they have scored","SELECT s.first_name, s.last_name, SUM(m.external_marks) AS total_external_marks FROM student s JOIN marks m ON s.student_id = m.student_id GROUP BY s.student_id, s.first_name, s.last_name;"
"Show students and the total number of distinct semesters they have appeared in exams","SELECT s.first_name, s.last_name, COUNT(DISTINCT m.semester) AS total_semesters FROM student s JOIN marks m ON s.student_id = m.student_id GROUP BY s.student_id, s.first_name, s.last_name;"
"Find students enrolled in the 'Data Science' course","SELECT DISTINCT s.* FROM student s JOIN enrollment e ON s.student_id = e.student_id JOIN course c ON e.course_id = c.course_id WHERE c.course_name = 'Data Science';"
"Get students whose average marks per semester are above 80","SELECT s.first_name, s.last_name, m.semester, AVG(m.total_marks) AS avg_marks FROM student s JOIN marks m ON s.student_id = m.student_id GROUP BY s.student_id, s.first_name, s.last_name, m.semester HAVING AVG(m.total_marks) > 80;"
"List students along with subjects they are weak in (marks < 50)","SELECT s.first_name, s.last_name, sub.subject_name, m.total_marks FROM student s JOIN marks m ON s.student_id = m.student_id JOIN subject sub ON m.subject_id = sub.subject_id WHERE m.total_marks < 50;"
"Show students with total attendance percentage below 70% in any subject","SELECT DISTINCT s.* FROM student s JOIN attendance a ON s.student_id = a.student_id WHERE a.attendance_percentage < 70;"
"Find students who have never received grade 'C'","SELECT s.* FROM student s WHERE NOT EXISTS (SELECT 1 FROM marks m WHERE s.student_id = m.student_id AND m.grade = 'C');"
"Get students along with their department and the total courses offered in that department","SELECT s.first_name, s.last_name, d.department_name, COUNT(c.course_id) AS total_department_courses FROM student s JOIN department d ON s.department_id = d.department_id JOIN course c ON d.department_id = c.department_id GROUP BY s.student_id, s.first_name, s.last_name, d.department_name;"
"List students who have scored highest marks in any subject","SELECT s.first_name, s.last_name, m.subject_id, m.total_marks FROM student s JOIN marks m ON s.student_id = m.student_id WHERE m.total_marks = (SELECT MAX(total_marks) FROM marks WHERE subject_id = m.subject_id);"
"Show students enrolled in courses across multiple semesters","SELECT s.first_name, s.last_name FROM student s JOIN enrollment e ON s.student_id = e.student_id GROUP BY s.student_id, s.first_name, s.last_name HAVING COUNT(DISTINCT e.semester) > 1;"
"Find students with total internal marks greater than total external marks","SELECT s.first_name, s.last_name, SUM(m.internal_marks) AS total_internal, SUM(m.external_marks) AS total_external FROM student s JOIN marks m ON s.student_id = m.student_id GROUP BY s.student_id, s.first_name, s.last_name HAVING SUM(m.internal_marks) > SUM(m.external_marks);"
"Get students who are not enrolled in the current semester","SELECT s.* FROM student s WHERE NOT EXISTS (SELECT 1 FROM enrollment e WHERE s.student_id = e.student_id AND e.semester = EXTRACT(SEMESTER FROM CURRENT_DATE));"
"List students along with courses taught by faculty with salary above 100000","SELECT DISTINCT s.first_name, s.last_name, c.course_name FROM student s JOIN enrollment e ON s.student_id = e.student_id JOIN course c ON e.course_id = c.course_id JOIN faculty f ON c.department_id = f.department_id WHERE f.salary > 100000;"
"Show students who belong to departments established after 2015","SELECT s.first_name, s.last_name FROM student s JOIN department d ON s.department_id = d.department_id WHERE d.established_date > '2015-01-01';"
"Find students whose HOD name contains 'Kumar'","SELECT s.first_name, s.last_name FROM student s JOIN department d ON s.department_id = d.department_id WHERE d.hod_name LIKE '%Kumar%';"
"Get students along with the number of subjects with grade 'A'","SELECT s.first_name, s.last_name, COUNT(m.subject_id) AS grade_a_subjects FROM student s JOIN marks m ON s.student_id = m.student_id WHERE m.grade = 'A' GROUP BY s.student_id, s.first_name, s.last_name;"
"List students who have attended all classes in semester 2 subjects","SELECT DISTINCT s.* FROM student s JOIN attendance a ON s.student_id = a.student_id JOIN subject sub ON a.subject_id = sub.subject_id WHERE sub.semester = 2 AND a.attended_classes = a.total_classes;"
"Show students with emails not in 'gmail.com' domain","SELECT * FROM student WHERE email NOT LIKE '%gmail.com';"
"Find students who are enrolled in courses worth more than 10 credits in total","SELECT s.first_name, s.last_name, SUM(c.credits) AS total_credits FROM student s JOIN enrollment e ON s.student_id = e.student_id JOIN course c ON e.course_id = c.course_id GROUP BY s.student_id, s.first_name, s.last_name HAVING SUM(c.credits) > 10;"
"Get students along with average marks in each subject","SELECT s.first_name, s.last_name, sub.subject_name, AVG(m.total_marks) AS avg_marks FROM student s JOIN marks m ON s.student_id = m.student_id JOIN subject sub ON m.subject_id = sub.subject_id GROUP BY s.student_id, s.first_name, s.last_name, sub.subject_name;"
"List students along with their faculty names teaching any of their subjects","SELECT DISTINCT s.first_name, s.last_name, f.first_name AS faculty_first, f.last_name AS faculty_last FROM student s JOIN marks m ON s.student_id = m.student_id JOIN subject sub ON m.subject_id = sub.subject_id JOIN faculty f ON sub.faculty_id = f.faculty_id;"
"Show students who have internal marks between 30 and 60","SELECT DISTINCT s.* FROM student s JOIN marks m ON s.student_id = m.student_id WHERE m.internal_marks BETWEEN 30 AND 60;"
"Find students with average total marks below 50","SELECT s.first_name, s.last_name, AVG(m.total_marks) AS avg_total FROM student s JOIN marks m ON s.student_id = m.student_id GROUP BY s.student_id, s.first_name, s.last_name HAVING AVG(m.total_marks) < 50;"
"Get students along with the list of subjects they scored grade 'B' in","SELECT s.first_name, s.last_name, STRING_AGG(sub.subject_name, ', ') AS subjects_with_B FROM student s JOIN marks m ON s.student_id = m.student_id JOIN subject sub ON m.subject_id = sub.subject_id WHERE m.grade = 'B' GROUP BY s.student_id, s.first_name, s.last_name;"
"List students who have never scored above 90 in any subject","SELECT s.* FROM student s WHERE NOT EXISTS (SELECT 1 FROM marks m WHERE s.student_id = m.student_id AND m.total_marks > 90);"
"Show students with total attendance percentage above 95%","SELECT s.first_name, s.last_name, AVG(a.attendance_percentage) AS avg_attendance FROM student s JOIN attendance a ON s.student_id = a.student_id GROUP BY s.student_id, s.first_name, s.last_name HAVING AVG(a.attendance_percentage) > 95;"
"Find students who have enrolled in more than 5 courses","SELECT s.first_name, s.last_name, COUNT(e.course_id) AS course_count FROM student s JOIN enrollment e ON s.student_id = e.student_id GROUP BY s.student_id, s.first_name, s.last_name HAVING COUNT(e.course_id) > 5;"
"Get students along with total marks for semester 1","SELECT s.first_name, s.last_name, SUM(m.total_marks) AS total_marks_sem1 FROM student s JOIN marks m ON s.student_id = m.student_id WHERE m.semester = 1 GROUP BY s.student_id, s.first_name, s.last_name;"
"List students who belong to departments with more than 10 faculty members","SELECT DISTINCT s.first_name, s.last_name FROM student s JOIN department d ON s.department_id = d.department_id JOIN faculty f ON d.department_id = f.department_id GROUP BY s.student_id, s.first_name, s.last_name, d.department_id HAVING COUNT(f.faculty_id) > 10;"
"Show students who have attended less than 50% of classes in any subject of semester 2","SELECT DISTINCT s.* FROM student s JOIN attendance a ON s.student_id = a.student_id JOIN subject sub ON a.subject_id = sub.subject_id WHERE sub.semester = 2 AND a.attendance_percentage < 50;"
"Find students who scored grade 'A' in all subjects of semester 1","SELECT s.first_name, s.last_name FROM student s JOIN marks m ON s.student_id = m.student_id JOIN subject sub ON m.subject_id = sub.subject_id WHERE sub.semester = 1 GROUP BY s.student_id, s.first_name, s.last_name HAVING COUNT(CASE WHEN m.grade = 'A' THEN 1 END) = COUNT(sub.subject_id);"
"Get students along with the earliest enrollment date in any course","SELECT s.first_name, s.last_name, MIN(e.enroll_date) AS first_enroll FROM student s JOIN enrollment e ON s.student_id = e.student_id GROUP BY s.student_id, s.first_name, s.last_name;"
"List students who have both internal marks above 50 and external marks above 50 in any subject","SELECT DISTINCT s.* FROM student s JOIN marks m ON s.student_id = m.student_id WHERE m.internal_marks > 50 AND m.external_marks > 50;"
"Show students enrolled in courses from at least 2 different departments","SELECT s.first_name, s.last_name FROM student s JOIN enrollment e ON s.student_id = e.student_id JOIN course c ON e.course_id = c.course_id GROUP BY s.student_id, s.first_name, s.last_name HAVING COUNT(DISTINCT c.department_id) >= 2;"
"Find students with the lowest total marks in any subject","SELECT s.first_name, s.last_name, m.subject_id, m.total_marks FROM student s JOIN marks m ON s.student_id = m.student_id WHERE m.total_marks = (SELECT MIN(total_marks) FROM marks WHERE subject_id = m.subject_id);"
"Get students who have a phone number starting with '999' and email ending with 'edu'","SELECT * FROM student WHERE phone LIKE '999%' AND email LIKE '%.edu';"
"List students along with the count of subjects they have failed (marks < 40)","SELECT s.first_name, s.last_name, COUNT(m.subject_id) AS failed_subjects FROM student s JOIN marks m ON s.student_id = m.student_id WHERE m.total_marks < 40 GROUP BY s.student_id, s.first_name, s.last_name;"
"Show students who have attended all classes in semester 3 subjects","SELECT DISTINCT s.* FROM student s JOIN attendance a ON s.student_id = a.student_id JOIN subject sub ON a.subject_id = sub.subject_id WHERE sub.semester = 3 AND a.attended_classes = a.total_classes;"
"Find students who belong to departments where the HOD name starts with 'Dr.'","SELECT s.first_name, s.last_name FROM student s JOIN department d ON s.department_id = d.department_id WHERE d.hod_name LIKE 'Dr.%';"
"Get students along with the number of courses they are enrolled in per semester","SELECT s.first_name, s.last_name, e.semester, COUNT(e.course_id) AS courses_per_semester FROM student s JOIN enrollment e ON s.student_id = e.student_id GROUP BY s.student_id, s.first_name, s.last_name, e.semester;"
"List students who have never enrolled in semester 1 courses","SELECT * FROM student s WHERE NOT EXISTS (SELECT 1 FROM enrollment e WHERE s.student_id = e.student_id AND e.semester = 1);"
"Show students along with the total number of active enrollments","SELECT s.first_name, s.last_name, COUNT(e.enrollment_id) AS active_enrollments FROM student s JOIN enrollment e ON s.student_id = e.student_id WHERE e.is_active = TRUE GROUP BY s.student_id, s.first_name, s.last_name;"
"Find students with internal marks greater than external marks in at least one subject","SELECT DISTINCT s.* FROM student s JOIN marks m ON s.student_id = m.student_id WHERE m.internal_marks > m.external_marks;"
"Get students and the number of subjects they attended more than 90% of classes","SELECT s.first_name, s.last_name, COUNT(a.subject_id) AS subjects_attended_90_plus FROM student s JOIN attendance a ON s.student_id = a.student_id WHERE a.attendance_percentage > 90 GROUP BY s.student_id, s.first_name, s.last_name;"
"List students who belong to departments with less than 5 courses","SELECT DISTINCT s.* FROM student s JOIN department d ON s.department_id = d.department_id JOIN course c ON d.department_id = c.department_id GROUP BY s.student_id, s.first_name, s.last_name, d.department_id HAVING COUNT(c.course_id) < 5;"
"Show students who scored grade 'D' in more than 2 subjects","SELECT s.first_name, s.last_name, COUNT(m.subject_id) AS grade_d_count FROM student s JOIN marks m ON s.student_id = m.student_id WHERE m.grade = 'D' GROUP BY s.student_id, s.first_name, s.last_name HAVING COUNT(m.subject_id) > 2;"
"Find students with department established before 2000","SELECT s.first_name, s.last_name FROM student s JOIN department d ON s.department_id = d.department_id WHERE d.established_date < '2000-01-01';"
"Get students who are enrolled in courses taught by faculty with designation 'Professor'","SELECT DISTINCT s.* FROM student s JOIN enrollment e ON s.student_id = e.student_id JOIN course c ON e.course_id = c.course_id JOIN faculty f ON c.department_id = f.department_id WHERE f.designation = 'Professor';"
"List students who have attended fewer classes than the average attendance for their department","SELECT s.first_name, s.last_name FROM student s JOIN attendance a ON s.student_id = a.student_id JOIN department d ON s.department_id = d.department_id GROUP BY s.student_id, s.first_name, s.last_name, d.department_id HAVING AVG(a.attendance_percentage) < (SELECT AVG(a2.attendance_percentage) FROM student s2 JOIN attendance a2 ON s2.student_id = a2.student_id WHERE s2.department_id = d.department_id);"
"Show students who scored maximum total marks in their department","SELECT s.first_name, s.last_name, m.total_marks FROM student s JOIN marks m ON s.student_id = m.student_id WHERE m.total_marks = (SELECT MAX(m2.total_marks) FROM student s2 JOIN marks m2 ON s2.student_id = m2.student_id WHERE s2.department_id = s.department_id);"
"Find students enrolled in courses with duration more than 3 years","SELECT DISTINCT s.* FROM student s JOIN enrollment e ON s.student_id = e.student_id JOIN course c ON e.course_id = c.course_id WHERE c.duration_years > 3;"
"Get students who have multiple email addresses ending with the same domain","SELECT s.first_name, s.last_name, s.email FROM student s GROUP BY s.first_name, s.last_name, s.email HAVING COUNT(s.email) > 1;"
"List students along with the total marks they obtained in semester 2","SELECT s.first_name, s.last_name, SUM(m.total_marks) AS total_sem2_marks FROM student s JOIN marks m ON s.student_id = m.student_id WHERE m.semester = 2 GROUP BY s.student_id, s.first_name, s.last_name;"
"Show students who have enrolled in both online and offline courses","SELECT DISTINCT s.* FROM student s JOIN enrollment e ON s.student_id = e.student_id JOIN course c ON e.course_id = c.course_id WHERE c.description LIKE '%online%' AND EXISTS (SELECT 1 FROM enrollment e2 JOIN course c2 ON e2.course_id = c2.course_id WHERE e2.student_id = s.student_id AND c2.description LIKE '%offline%');"
"Find students whose total attendance percentage across all subjects is below 60%","SELECT s.first_name, s.last_name, SUM(a.attended_classes)/SUM(a.total_classes)*100 AS overall_attendance FROM student s JOIN attendance a ON s.student_id = a.student_id GROUP BY s.student_id, s.first_name, s.last_name HAVING SUM(a.attended_classes)/SUM(a.total_classes)*100 < 60;"
"Get students who have scored grade 'A' in more than 50% of their subjects","SELECT s.first_name, s.last_name, COUNT(m.subject_id)::decimal/ (SELECT COUNT(*) FROM marks m2 WHERE m2.student_id = s.student_id) AS grade_a_ratio FROM student s JOIN marks m ON s.student_id = m.student_id WHERE m.grade = 'A' GROUP BY s.student_id, s.first_name, s.last_name HAVING COUNT(m.subject_id)::decimal / (SELECT COUNT(*) FROM marks m2 WHERE m2.student_id = s.student_id) > 0.5;"
"List students along with the earliest date they joined any course","SELECT s.first_name, s.last_name, MIN(e.enroll_date) AS first_course_date FROM student s JOIN enrollment e ON s.student_id = e.student_id GROUP BY s.student_id, s.first_name, s.last_name;"
"Show students who have attended all classes of subjects taught by faculty with salary above 120000","SELECT DISTINCT s.* FROM student s JOIN attendance a ON s.student_id = a.student_id JOIN subject sub ON a.subject_id = sub.subject_id JOIN faculty f ON sub.faculty_id = f.faculty_id WHERE a.attended_classes = a.total_classes AND f.salary > 120000;"
"Find students with total marks in all subjects greater than 500","SELECT s.first_name, s.last_name, SUM(m.total_marks) AS total_marks FROM student s JOIN marks m ON s.student_id = m.student_id GROUP BY s.student_id, s.first_name, s.last_name HAVING SUM(m.total_marks) > 500;"
"Get students who have enrollment records in the current academic year but no marks recorded yet","SELECT DISTINCT s.* FROM student s JOIN enrollment e ON s.student_id = e.student_id WHERE e.academic_year = EXTRACT(YEAR FROM CURRENT_DATE) AND NOT EXISTS (SELECT 1 FROM marks m WHERE m.student_id = s.student_id);"
"List students along with the total number of courses in their department","SELECT s.first_name, s.last_name, COUNT(c.course_id) AS total_department_courses FROM student s JOIN department d ON s.department_id = d.department_id JOIN course c ON d.department_id = c.department_id GROUP BY s.student_id, s.first_name, s.last_name;"
"Show students who have scored below 40 in internal marks for any subject","SELECT DISTINCT s.* FROM student s JOIN marks m ON s.student_id = m.student_id WHERE m.internal_marks < 40;"
"Find students whose total attendance percentage is higher than 90%","SELECT s.first_name, s.last_name, SUM(a.attended_classes)/SUM(a.total_classes)*100 AS total_attendance FROM student s JOIN attendance a ON s.student_id = a.student_id GROUP BY s.student_id, s.first_name, s.last_name HAVING SUM(a.attended_classes)/SUM(a.total_classes)*100 > 90;"
"Get students who have enrolled in courses from the 'Engineering' department","SELECT DISTINCT s.* FROM student s JOIN enrollment e ON s.student_id = e.student_id JOIN course c ON e.course_id = c.course_id JOIN department d ON c.department_id = d.department_id WHERE d.department_name = 'Engineering';"
"List students along with the total marks obtained in 'Mathematics'","SELECT s.first_name, s.last_name, SUM(m.total_marks) AS total_math_marks FROM student s JOIN marks m ON s.student_id = m.student_id JOIN subject sub ON m.subject_id = sub.subject_id WHERE sub.subject_name = 'Mathematics' GROUP BY s.student_id, s.first_name, s.last_name;"
"Show students who have not attended any classes in semester 1","SELECT * FROM student s WHERE NOT EXISTS (SELECT 1 FROM attendance a JOIN subject sub ON a.subject_id = sub.subject_id WHERE s.student_id = a.student_id AND sub.semester = 1);"
"Find students with more than 3 subjects in semester 2","SELECT s.first_name, s.last_name, COUNT(sub.subject_id) AS subject_count FROM student s JOIN marks m ON s.student_id = m.student_id JOIN subject sub ON m.subject_id = sub.subject_id WHERE sub.semester = 2 GROUP BY s.student_id, s.first_name, s.last_name HAVING COUNT(sub.subject_id) > 3;"
"Get students along with the HOD name of their department","SELECT s.first_name, s.last_name, d.hod_name FROM student s JOIN department d ON s.department_id = d.department_id;"
"List students who have enrollment records in the last 6 months","SELECT DISTINCT s.* FROM student s JOIN enrollment e ON s.student_id = e.student_id WHERE e.enroll_date >= CURRENT_DATE - INTERVAL '6 months';"
"Show students with external marks greater than 70 in all subjects","SELECT s.first_name, s.last_name FROM student s JOIN marks m ON s.student_id = m.student_id GROUP BY s.student_id, s.first_name, s.last_name HAVING MIN(m.external_marks) > 70;"
"Find students who have enrolled in both 'Physics' and 'Chemistry' courses","SELECT DISTINCT s.* FROM student s JOIN enrollment e1 ON s.student_id = e1.student_id JOIN course c1 ON e1.course_id = c1.course_id JOIN enrollment e2 ON s.student_id = e2.student_id JOIN course c2 ON e2.course_id = c2.course_id WHERE c1.course_name = 'Physics' AND c2.course_name = 'Chemistry';"
"Get students who have total marks above 400 in semester 1","SELECT s.first_name, s.last_name, SUM(m.total_marks) AS semester1_total FROM student s JOIN marks m ON s.student_id = m.student_id WHERE m.semester = 1 GROUP BY s.student_id, s.first_name, s.last_name HAVING SUM(m.total_marks) > 400;"
"List students whose department has more than 50 students","SELECT DISTINCT s.* FROM student s JOIN department d ON s.department_id = d.department_id JOIN student s2 ON d.department_id = s2.department_id GROUP BY s.student_id, s.first_name, s.last_name, d.department_id HAVING COUNT(s2.student_id) > 50;"
"Show students who have scored grade 'B' in at least 2 subjects","SELECT s.first_name, s.last_name, COUNT(m.subject_id) AS grade_b_count FROM student s JOIN marks m ON s.student_id = m.student_id WHERE m.grade = 'B' GROUP BY s.student_id, s.first_name, s.last_name HAVING COUNT(m.subject_id) >= 2;"
"Find students who are enrolled in courses with credits less than 3","SELECT DISTINCT s.* FROM student s JOIN enrollment e ON s.student_id = e.student_id JOIN course c ON e.course_id = c.course_id WHERE c.credits < 3;"
"Get students who have both internal and external marks below 50 in any subject","SELECT DISTINCT s.* FROM student s JOIN marks m ON s.student_id = m.student_id WHERE m.internal_marks < 50 AND m.external_marks < 50;"
"List students along with the faculty teaching their semester 1 subjects","SELECT DISTINCT s.first_name, s.last_name, f.first_name AS faculty_first, f.last_name AS faculty_last FROM student s JOIN marks m ON s.student_id = m.student_id JOIN subject sub ON m.subject_id = sub.subject_id JOIN faculty f ON sub.faculty_id = f.faculty_id WHERE sub.semester = 1;"
"Show students who have attended at least 90% of classes in all subjects","SELECT s.first_name, s.last_name FROM student s JOIN attendance a ON s.student_id = a.student_id GROUP BY s.student_id, s.first_name, s.last_name HAVING MIN(a.attendance_percentage) >= 90;"
"Find students who have enrollment in current semester but no marks recorded yet","SELECT DISTINCT s.* FROM student s JOIN enrollment e ON s.student_id = e.student_id WHERE e.semester = EXTRACT(SEMESTER FROM CURRENT_DATE) AND NOT EXISTS (SELECT 1 FROM marks m WHERE m.student_id = s.student_id);"
"Get students who have scored highest marks in semester 2 subjects","SELECT s.first_name, s.last_name, m.subject_id, m.total_marks FROM student s JOIN marks m ON s.student_id = m.student_id WHERE m.semester = 2 AND m.total_marks = (SELECT MAX(total_marks) FROM marks WHERE semester = 2 AND subject_id = m.subject_id);"
"List students along with their total number of marks entries","SELECT s.first_name, s.last_name, COUNT(m.marks_id) AS total_marks_entries FROM student s JOIN marks m ON s.student_id = m.student_id GROUP BY s.student_id, s.first_name, s.last_name;"
"Show students who have scored exactly 100 in any subject","SELECT DISTINCT s.* FROM student s JOIN marks m ON s.student_id = m.student_id WHERE m.total_marks = 100;"
"Find students whose first name starts with 'A'","SELECT * FROM student WHERE first_name LIKE 'A%';"
"Get students who are enrolled in more than one course in the current academic year","SELECT s.first_name, s.last_name, COUNT(e.course_id) AS courses_count FROM student s JOIN enrollment e ON s.student_id = e.student_id WHERE e.academic_year = EXTRACT(YEAR FROM CURRENT_DATE) GROUP BY s.student_id, s.first_name, s.last_name HAVING COUNT(e.course_id) > 1;"
"List students along with the number of subjects taught by faculty with 'PhD' qualification","SELECT s.first_name, s.last_name, COUNT(sub.subject_id) AS phd_subjects FROM student s JOIN marks m ON s.student_id = m.student_id JOIN subject sub ON m.subject_id = sub.subject_id JOIN faculty f ON sub.faculty_id = f.faculty_id WHERE f.qualification LIKE '%PhD%' GROUP BY s.student_id, s.first_name, s.last_name;"
"Show students who have attended classes in more than 3 subjects in semester 1","SELECT s.first_name, s.last_name, COUNT(DISTINCT a.subject_id) AS subjects_count FROM student s JOIN attendance a ON s.student_id = a.student_id JOIN subject sub ON a.subject_id = sub.subject_id WHERE sub.semester = 1 GROUP BY s.student_id, s.first_name, s.last_name HAVING COUNT(DISTINCT a.subject_id) > 3;"
"Find students who have never scored grade 'E'","SELECT s.* FROM student s WHERE NOT EXISTS (SELECT 1 FROM marks m WHERE s.student_id = m.student_id AND m.grade = 'E');"
"Get students along with their department and the number of students in the same department","SELECT s.first_name, s.last_name, d.department_name, COUNT(s2.student_id) AS department_student_count FROM student s JOIN department d ON s.department_id = d.department_id JOIN student s2 ON d.department_id = s2.department_id GROUP BY s.student_id, s.first_name, s.last_name, d.department_name;"
"List students who have enrolled in courses with duration equal to 2 years","SELECT DISTINCT s.* FROM student s JOIN enrollment e ON s.student_id = e.student_id JOIN course c ON e.course_id = c.course_id WHERE c.duration_years = 2;"
"Show students with phone numbers ending with '7890'","SELECT * FROM student WHERE phone LIKE '%7890';"
"Find students who have scored grade 'C' in at least one subject in semester 2","SELECT DISTINCT s.* FROM student s JOIN marks m ON s.student_id = m.student_id JOIN subject sub ON m.subject_id = sub.subject_id WHERE sub.semester = 2 AND m.grade = 'C';"
"Get students who have attended more than 80% in semester 3 subjects","SELECT s.first_name, s.last_name, AVG(a.attendance_percentage) AS avg_attendance FROM student s JOIN attendance a ON s.student_id = a.student_id JOIN subject sub ON a.subject_id = sub.subject_id WHERE sub.semester = 3 GROUP BY s.student_id, s.first_name, s.last_name HAVING AVG(a.attendance_percentage) > 80;"
"List students along with the number of courses with credits greater than 3","SELECT s.first_name, s.last_name, COUNT(c.course_id) AS courses_above_3_credits FROM student s JOIN enrollment e ON s.student_id = e.student_id JOIN course c ON e.course_id = c.course_id WHERE c.credits > 3 GROUP BY s.student_id, s.first_name, s.last_name;"
"Show students who have enrollment records but no attendance recorded","SELECT DISTINCT s.* FROM student s JOIN enrollment e ON s.student_id = e.student_id WHERE NOT EXISTS (SELECT 1 FROM attendance a WHERE a.student_id = s.student_id);"
"Find students who have scored highest marks in 'Physics' subject","SELECT s.first_name, s.last_name, m.total_marks FROM student s JOIN marks m ON s.student_id = m.student_id JOIN subject sub ON m.subject_id = sub.subject_id WHERE sub.subject_name = 'Physics' AND m.total_marks = (SELECT MAX(total_marks) FROM marks m2 JOIN subject sub2 ON m2.subject_id = sub2.subject_id WHERE sub2.subject_name = 'Physics');"
"Get students who have internal marks less than 30 in any subject of semester 1","SELECT DISTINCT s.* FROM student s JOIN marks m ON s.student_id = m.student_id JOIN subject sub ON m.subject_id = sub.subject_id WHERE sub.semester = 1 AND m.internal_marks < 30;"
"List students whose last name contains 'Sh'","SELECT * FROM student WHERE last_name LIKE '%Sh%';"
"Show students who are enrolled in courses with credits summing more than 12","SELECT s.first_name, s.last_name, SUM(c.credits) AS total_credits FROM student s JOIN enrollment e ON s.student_id = e.student_id JOIN course c ON e.course_id = c.course_id GROUP BY s.student_id, s.first_name, s.last_name HAVING SUM(c.credits) > 12;"
"Find students who have attended exactly 100% of classes in any subject","SELECT DISTINCT s.* FROM student s JOIN attendance a ON s.student_id = a.student_id WHERE a.attended_classes = a.total_classes;"
"Get students along with the number of subjects they have grades 'A' or 'B'","SELECT s.first_name, s.last_name, COUNT(m.subject_id) AS grade_a_b_count FROM student s JOIN marks m ON s.student_id = m.student_id WHERE m.grade IN ('A','B') GROUP BY s.student_id, s.first_name, s.last_name;"
"List all enrollments","SELECT * FROM enrollment;"
"Show enrollments along with student names","SELECT e.enrollment_id, s.first_name, s.last_name, e.course_id, e.enroll_date FROM enrollment e JOIN student s ON e.student_id = s.student_id;"
"Find enrollments in the current academic year","SELECT * FROM enrollment WHERE academic_year = EXTRACT(YEAR FROM CURRENT_DATE);"
"Get active enrollments","SELECT * FROM enrollment WHERE is_active = TRUE;"
"List enrollments along with course names","SELECT e.enrollment_id, s.first_name, s.last_name, c.course_name FROM enrollment e JOIN student s ON e.student_id = s.student_id JOIN course c ON e.course_id = c.course_id;"
"Show enrollments for semester 1","SELECT * FROM enrollment WHERE semester = 1;"
"Find enrollments for a specific student by student_id","SELECT * FROM enrollment WHERE student_id = 101;"
"Get enrollments along with department name of the course","SELECT e.enrollment_id, s.first_name, s.last_name, c.course_name, d.department_name FROM enrollment e JOIN student s ON e.student_id = s.student_id JOIN course c ON e.course_id = c.course_id JOIN department d ON c.department_id = d.department_id;"
"List enrollments along with enrollment date sorted by newest first","SELECT * FROM enrollment ORDER BY enroll_date DESC;"
"Show students with multiple enrollments","SELECT student_id, COUNT(*) AS enrollment_count FROM enrollment GROUP BY student_id HAVING COUNT(*) > 1;"
"Find enrollments where courses have more than 3 credits","SELECT e.* FROM enrollment e JOIN course c ON e.course_id = c.course_id WHERE c.credits > 3;"
"Get enrollments along with student email and course code","SELECT e.enrollment_id, s.email, c.course_code FROM enrollment e JOIN student s ON e.student_id = s.student_id JOIN course c ON e.course_id = c.course_id;"
"List active enrollments for semester 2","SELECT * FROM enrollment WHERE is_active = TRUE AND semester = 2;"
"Show enrollments for courses in 'Computer Science' department","SELECT e.* FROM enrollment e JOIN course c ON e.course_id = c.course_id JOIN department d ON c.department_id = d.department_id WHERE d.department_name = 'Computer Science';"
"Find enrollments older than 1 year","SELECT * FROM enrollment WHERE enroll_date < CURRENT_DATE - INTERVAL '1 year';"
"Get enrollments along with the total number of students per course","SELECT e.course_id, COUNT(e.student_id) AS total_students FROM enrollment e GROUP BY e.course_id;"
"List students enrolled in multiple courses in the same semester","SELECT student_id, semester, COUNT(course_id) AS courses_count FROM enrollment GROUP BY student_id, semester HAVING COUNT(course_id) > 1;"
"Show enrollments along with student names and whether they are active","SELECT e.enrollment_id, s.first_name, s.last_name, e.is_active FROM enrollment e JOIN student s ON e.student_id = s.student_id;"
"Find enrollments for courses with duration greater than 3 years","SELECT e.* FROM enrollment e JOIN course c ON e.course_id = c.course_id WHERE c.duration_years > 3;"
"Get enrollments along with student department and course department","SELECT e.enrollment_id, s.first_name, s.last_name, d1.department_name AS student_department, d2.department_name AS course_department FROM enrollment e JOIN student s ON e.student_id = s.student_id JOIN department d1 ON s.department_id = d1.department_id JOIN course c ON e.course_id = c.course_id JOIN department d2 ON c.department_id = d2.department_id;"
"List all enrollments along with student full names and admission year","SELECT e.enrollment_id, CONCAT(s.first_name, ' ', s.last_name) AS student_name, s.admission_year, e.course_id, e.semester FROM enrollment e JOIN student s ON e.student_id = s.student_id;"
"Show enrollments where academic year is greater than 2022","SELECT * FROM enrollment WHERE academic_year > 2022;"
"Find inactive enrollments","SELECT * FROM enrollment WHERE is_active = FALSE;"
"Get the number of enrollments per academic year","SELECT academic_year, COUNT(enrollment_id) AS total_enrollments FROM enrollment GROUP BY academic_year ORDER BY academic_year;"
"List enrollments with both student and course names","SELECT e.enrollment_id, s.first_name, s.last_name, c.course_name FROM enrollment e JOIN student s ON e.student_id = s.student_id JOIN course c ON e.course_id = c.course_id;"
"Find students who enrolled in semester 3 and are still active","SELECT s.first_name, s.last_name, e.course_id, e.semester FROM enrollment e JOIN student s ON e.student_id = s.student_id WHERE e.semester = 3 AND e.is_active = TRUE;"
"Get courses that have more than 20 enrollments","SELECT c.course_name, COUNT(e.enrollment_id) AS total_enrollments FROM enrollment e JOIN course c ON e.course_id = c.course_id GROUP BY c.course_name HAVING COUNT(e.enrollment_id) > 20;"
"List enrollments made in the last 30 days","SELECT * FROM enrollment WHERE enroll_date >= CURRENT_DATE - INTERVAL '30 days';"
"Find total active and inactive enrollments per semester","SELECT semester, SUM(CASE WHEN is_active THEN 1 ELSE 0 END) AS active_count, SUM(CASE WHEN is_active = FALSE THEN 1 ELSE 0 END) AS inactive_count FROM enrollment GROUP BY semester;"
"Show students with more than 2 active enrollments","SELECT s.first_name, s.last_name, COUNT(e.enrollment_id) AS active_enrollments FROM student s JOIN enrollment e ON s.student_id = e.student_id WHERE e.is_active = TRUE GROUP BY s.student_id, s.first_name, s.last_name HAVING COUNT(e.enrollment_id) > 2;"
"Get enrollment count for each department","SELECT d.department_name, COUNT(e.enrollment_id) AS total_enrollments FROM enrollment e JOIN course c ON e.course_id = c.course_id JOIN department d ON c.department_id = d.department_id GROUP BY d.department_name;"
"List all enrollments ordered by academic year and semester","SELECT * FROM enrollment ORDER BY academic_year, semester;"
"Find the earliest enrollment date in the database","SELECT MIN(enroll_date) AS earliest_enrollment FROM enrollment;"
"Get latest enrollment details with student and course info","SELECT e.enrollment_id, s.first_name, s.last_name, c.course_name, e.enroll_date FROM enrollment e JOIN student s ON e.student_id = s.student_id JOIN course c ON e.course_id = c.course_id ORDER BY e.enroll_date DESC LIMIT 1;"
"List courses that have students enrolled in both semester 1 and 2","SELECT DISTINCT c.course_name FROM enrollment e1 JOIN enrollment e2 ON e1.course_id = e2.course_id AND e1.semester = 1 AND e2.semester = 2 JOIN course c ON e1.course_id = c.course_id;"
"Find average enrollments per semester per academic year","SELECT academic_year, semester, COUNT(enrollment_id) AS total_enrollments FROM enrollment GROUP BY academic_year, semester ORDER BY academic_year, semester;"
"Show students enrolled in courses whose duration is less than 4 years","SELECT DISTINCT s.first_name, s.last_name, c.course_name FROM enrollment e JOIN student s ON e.student_id = s.student_id JOIN course c ON e.course_id = c.course_id WHERE c.duration_years < 4;"
"List enrollments where the student belongs to a different department than the course","SELECT e.enrollment_id, s.first_name, s.last_name, s.department_id AS student_dept, c.department_id AS course_dept FROM enrollment e JOIN student s ON e.student_id = s.student_id JOIN course c ON e.course_id = c.course_id WHERE s.department_id <> c.department_id;"
"Get the count of enrollments for each semester per course","SELECT c.course_name, e.semester, COUNT(e.enrollment_id) AS total_enrollments FROM enrollment e JOIN course c ON e.course_id = c.course_id GROUP BY c.course_name, e.semester ORDER BY c.course_name;"
"Show all enrollments along with student emails and course credits","SELECT e.enrollment_id, s.email, c.course_name, c.credits FROM enrollment e JOIN student s ON e.student_id = s.student_id JOIN course c ON e.course_id = c.course_id;"
"List enrollments along with student age at the time of enrollment","SELECT e.enrollment_id, s.first_name, s.last_name, DATE_PART('year', e.enroll_date) - DATE_PART('year', s.dob) AS age_at_enroll FROM enrollment e JOIN student s ON e.student_id = s.student_id;"
"Show enrollments that belong to courses with less than 10 total enrolled students","SELECT e.* FROM enrollment e JOIN course c ON e.course_id = c.course_id GROUP BY e.enrollment_id, e.course_id HAVING COUNT(e.student_id) < 10;"
"Find students who enrolled multiple times in the same course","SELECT s.first_name, s.last_name, c.course_name, COUNT(e.enrollment_id) AS times_enrolled FROM enrollment e JOIN student s ON e.student_id = s.student_id JOIN course c ON e.course_id = c.course_id GROUP BY s.first_name, s.last_name, c.course_name HAVING COUNT(e.enrollment_id) > 1;"
"Get courses with enrollments in every semester","SELECT c.course_name FROM course c JOIN enrollment e ON c.course_id = e.course_id GROUP BY c.course_name HAVING COUNT(DISTINCT e.semester) = (SELECT COUNT(DISTINCT semester) FROM enrollment);"
"List enrollments with missing or NULL enroll dates","SELECT * FROM enrollment WHERE enroll_date IS NULL;"
"Find enrollments that occurred on weekends","SELECT * FROM enrollment WHERE EXTRACT(DOW FROM enroll_date) IN (6,0);"
"Show enrollments for students whose email domain is 'gmail.com'","SELECT e.* FROM enrollment e JOIN student s ON e.student_id = s.student_id WHERE s.email LIKE '%@gmail.com';"
"Get enrollments where course credits are between 2 and 5","SELECT e.* FROM enrollment e JOIN course c ON e.course_id = c.course_id WHERE c.credits BETWEEN 2 AND 5;"
"List the most recent enrollment record for each student","SELECT DISTINCT ON (student_id) e.* FROM enrollment e ORDER BY student_id, enroll_date DESC;"
"Find students enrolled in both active and inactive courses","SELECT DISTINCT s.first_name, s.last_name FROM enrollment e1 JOIN enrollment e2 ON e1.student_id = e2.student_id AND e1.is_active <> e2.is_active JOIN student s ON s.student_id = e1.student_id;"
"Show number of enrollments for each course per academic year","SELECT c.course_name, e.academic_year, COUNT(e.enrollment_id) AS total_enrollments FROM enrollment e JOIN course c ON e.course_id = c.course_id GROUP BY c.course_name, e.academic_year ORDER BY e.academic_year;"
"List enrollments for students who joined the institute after 2020","SELECT e.* FROM enrollment e JOIN student s ON e.student_id = s.student_id WHERE s.admission_year > 2020;"
"Find total active enrollments per department","SELECT d.department_name, COUNT(e.enrollment_id) AS total_active FROM enrollment e JOIN course c ON e.course_id = c.course_id JOIN department d ON c.department_id = d.department_id WHERE e.is_active = TRUE GROUP BY d.department_name;"
"Get students who enrolled in a course but never appeared in attendance records","SELECT s.first_name, s.last_name FROM enrollment e JOIN student s ON e.student_id = s.student_id WHERE NOT EXISTS (SELECT 1 FROM attendance a WHERE a.student_id = e.student_id);"
"List enrollments where semester is NULL or not assigned","SELECT * FROM enrollment WHERE semester IS NULL;"
"Find the course with the maximum number of enrollments","SELECT c.course_name, COUNT(e.enrollment_id) AS total FROM enrollment e JOIN course c ON e.course_id = c.course_id GROUP BY c.course_name ORDER BY total DESC LIMIT 1;"
"Show number of active enrollments per semester across all courses","SELECT semester, COUNT(enrollment_id) AS total_active FROM enrollment WHERE is_active = TRUE GROUP BY semester ORDER BY semester;"
"List students with their first and last enrollment date","SELECT s.first_name, s.last_name, MIN(e.enroll_date) AS first_enroll, MAX(e.enroll_date) AS last_enroll FROM student s JOIN enrollment e ON s.student_id = e.student_id GROUP BY s.first_name, s.last_name;"
"Get courses where all enrollments are inactive","SELECT c.course_name FROM course c JOIN enrollment e ON c.course_id = e.course_id GROUP BY c.course_name HAVING BOOL_AND(e.is_active = FALSE);"
"List students who have re-enrolled in a new academic year for the same course","SELECT s.first_name, s.last_name, c.course_name FROM enrollment e JOIN student s ON e.student_id = s.student_id JOIN course c ON e.course_id = c.course_id GROUP BY s.first_name, s.last_name, c.course_name HAVING COUNT(DISTINCT e.academic_year) > 1;"
"List all enrollments with student and course names","SELECT e.enrollment_id, s.first_name, s.last_name, c.course_name FROM enrollment e JOIN student s ON e.student_id = s.student_id JOIN course c ON e.course_id = c.course_id;"
"Show students enrolled in the latest academic year","SELECT s.first_name, s.last_name, e.academic_year FROM enrollment e JOIN student s ON e.student_id = s.student_id WHERE e.academic_year = (SELECT MAX(academic_year) FROM enrollment);"
"Get the number of students enrolled in each semester for 2024","SELECT semester, COUNT(student_id) AS total_students FROM enrollment WHERE academic_year = 2024 GROUP BY semester;"
"Find all students who enrolled but do not belong to any department","SELECT s.first_name, s.last_name FROM enrollment e JOIN student s ON e.student_id = s.student_id WHERE s.department_id IS NULL;"
"Show total enrollments grouped by department and academic year","SELECT d.department_name, e.academic_year, COUNT(e.enrollment_id) AS total_enrollments FROM enrollment e JOIN course c ON e.course_id = c.course_id JOIN department d ON c.department_id = d.department_id GROUP BY d.department_name, e.academic_year;"
"List active enrollments that belong to courses of 3 or more years duration","SELECT e.* FROM enrollment e JOIN course c ON e.course_id = c.course_id WHERE e.is_active = TRUE AND c.duration_years >= 3;"
"Show total active and inactive enrollments per course","SELECT c.course_name, SUM(CASE WHEN e.is_active THEN 1 ELSE 0 END) AS active_count, SUM(CASE WHEN NOT e.is_active THEN 1 ELSE 0 END) AS inactive_count FROM enrollment e JOIN course c ON e.course_id = c.course_id GROUP BY c.course_name;"
"Get the student names who enrolled before turning 18","SELECT s.first_name, s.last_name FROM enrollment e JOIN student s ON e.student_id = s.student_id WHERE AGE(e.enroll_date, s.dob) < INTERVAL '18 years';"
"Find average semester number of all active enrollments","SELECT AVG(semester) AS avg_semester FROM enrollment WHERE is_active = TRUE;"
"List all enrollments made on the first day of any month","SELECT * FROM enrollment WHERE EXTRACT(DAY FROM enroll_date) = 1;"
"Show the total number of enrollments each month in 2023","SELECT DATE_TRUNC('month', enroll_date) AS month, COUNT(*) AS total_enrollments FROM enrollment WHERE EXTRACT(YEAR FROM enroll_date) = 2023 GROUP BY month ORDER BY month;"
"List the earliest enrollment for each course","SELECT DISTINCT ON (course_id) course_id, enrollment_id, enroll_date FROM enrollment ORDER BY course_id, enroll_date ASC;"
"Find courses with no active enrollments this semester","SELECT c.course_name FROM course c WHERE c.course_id NOT IN (SELECT course_id FROM enrollment WHERE is_active = TRUE AND semester = (SELECT MAX(semester) FROM enrollment));"
"Show number of enrollments for each department where average semester is greater than 4","SELECT d.department_name, COUNT(e.enrollment_id) FROM enrollment e JOIN course c ON e.course_id = c.course_id JOIN department d ON c.department_id = d.department_id GROUP BY d.department_name HAVING AVG(e.semester) > 4;"
"Get list of students enrolled in exactly 3 different semesters","SELECT s.first_name, s.last_name FROM student s JOIN enrollment e ON s.student_id = e.student_id GROUP BY s.first_name, s.last_name HAVING COUNT(DISTINCT e.semester) = 3;"
"List students with the total number of courses they have enrolled in","SELECT s.first_name, s.last_name, COUNT(DISTINCT e.course_id) AS total_courses FROM student s JOIN enrollment e ON s.student_id = e.student_id GROUP BY s.first_name, s.last_name;"
"Find total enrollments per academic year ordered by descending count","SELECT academic_year, COUNT(enrollment_id) AS total FROM enrollment GROUP BY academic_year ORDER BY total DESC;"
"Show students who are enrolled in courses offered by their own department","SELECT s.first_name, s.last_name, c.course_name FROM student s JOIN enrollment e ON s.student_id = e.student_id JOIN course c ON e.course_id = c.course_id WHERE s.department_id = c.department_id;"
"Find departments with enrollments spanning more than 5 academic years","SELECT d.department_name FROM department d JOIN course c ON d.department_id = c.department_id JOIN enrollment e ON e.course_id = c.course_id GROUP BY d.department_name HAVING COUNT(DISTINCT e.academic_year) > 5;"
"List all enrollments with student full name and formatted enrollment date","SELECT e.enrollment_id, CONCAT(s.first_name, ' ', s.last_name) AS student_name, TO_CHAR(e.enroll_date, 'DD-Mon-YYYY') AS formatted_date FROM enrollment e JOIN student s ON e.student_id = s.student_id;"
"List all enrollments along with student email and course code","SELECT e.enrollment_id, s.email, c.course_code FROM enrollment e JOIN student s ON e.student_id = s.student_id JOIN course c ON e.course_id = c.course_id;"
"Find students who enrolled in the same semester for two different courses","SELECT s.first_name, s.last_name, e.semester, COUNT(DISTINCT e.course_id) AS course_count FROM enrollment e JOIN student s ON e.student_id = s.student_id GROUP BY s.first_name, s.last_name, e.semester HAVING COUNT(DISTINCT e.course_id) > 1;"
"Show the latest enrollment date for each academic year","SELECT academic_year, MAX(enroll_date) AS latest_enrollment FROM enrollment GROUP BY academic_year ORDER BY academic_year;"
"List courses that have enrollments from more than 3 departments","SELECT c.course_name FROM course c JOIN enrollment e ON c.course_id = e.course_id JOIN student s ON e.student_id = s.student_id JOIN department d ON s.department_id = d.department_id GROUP BY c.course_name HAVING COUNT(DISTINCT d.department_id) > 3;"
"Get students who enrolled in the first academic year of their department","SELECT s.first_name, s.last_name, e.academic_year FROM student s JOIN enrollment e ON s.student_id = e.student_id JOIN department d ON s.department_id = d.department_id WHERE e.academic_year = EXTRACT(YEAR FROM d.established_date);"
"Find the total number of enrollments done each weekday","SELECT TO_CHAR(enroll_date, 'Day') AS weekday, COUNT(*) AS total_enrollments FROM enrollment GROUP BY weekday ORDER BY total_enrollments DESC;"
"Show students who have only inactive enrollments","SELECT s.first_name, s.last_name FROM student s WHERE s.student_id IN (SELECT e.student_id FROM enrollment e GROUP BY e.student_id HAVING BOOL_AND(e.is_active = FALSE));"
"List all enrollments grouped by academic year and semester with total count","SELECT academic_year, semester, COUNT(enrollment_id) AS total FROM enrollment GROUP BY academic_year, semester ORDER BY academic_year, semester;"
"Find average number of enrollments per student","SELECT AVG(sub.total) AS avg_enrollments FROM (SELECT COUNT(e.enrollment_id) AS total FROM enrollment e GROUP BY e.student_id) sub;"
"Show students who enrolled in the maximum number of semesters","SELECT s.first_name, s.last_name, COUNT(DISTINCT e.semester) AS semesters FROM student s JOIN enrollment e ON s.student_id = e.student_id GROUP BY s.first_name, s.last_name ORDER BY semesters DESC LIMIT 1;"
"Get the course with minimum total active enrollments","SELECT c.course_name, COUNT(e.enrollment_id) AS active_count FROM enrollment e JOIN course c ON e.course_id = c.course_id WHERE e.is_active = TRUE GROUP BY c.course_name ORDER BY active_count ASC LIMIT 1;"
"List all students who enrolled after completing 3 years since admission","SELECT s.first_name, s.last_name, e.enroll_date FROM student s JOIN enrollment e ON s.student_id = e.student_id WHERE EXTRACT(YEAR FROM e.enroll_date) - s.admission_year >= 3;"
"Find number of unique students enrolled in each department","SELECT d.department_name, COUNT(DISTINCT e.student_id) AS total_students FROM enrollment e JOIN course c ON e.course_id = c.course_id JOIN department d ON c.department_id = d.department_id GROUP BY d.department_name;"
"Show academic year and course combinations having more than 50 enrollments","SELECT e.academic_year, c.course_name, COUNT(e.enrollment_id) AS total FROM enrollment e JOIN course c ON e.course_id = c.course_id GROUP BY e.academic_year, c.course_name HAVING COUNT(e.enrollment_id) > 50;"
"Get students with enrollments that have missing semester data","SELECT s.first_name, s.last_name FROM enrollment e JOIN student s ON e.student_id = s.student_id WHERE e.semester IS NULL;"
"Find total enrollments and average semester per academic year","SELECT academic_year, COUNT(enrollment_id) AS total_enrollments, AVG(semester) AS avg_semester FROM enrollment GROUP BY academic_year;"
"Show students with both active and inactive enrollments across semesters","SELECT s.first_name, s.last_name FROM enrollment e JOIN student s ON e.student_id = s.student_id GROUP BY s.first_name, s.last_name HAVING BOOL_AND(e.is_active IS NOT TRUE) = FALSE AND BOOL_OR(e.is_active = TRUE) = TRUE;"
"List students who enrolled before their course was officially created","SELECT s.first_name, s.last_name, e.enroll_date, c.course_name FROM enrollment e JOIN student s ON e.student_id = s.student_id JOIN course c ON e.course_id = c.course_id WHERE e.enroll_date < c.description::DATE;"
"Find average enrollments per course per semester","SELECT course_id, semester, AVG(total) AS avg_enrollments FROM (SELECT course_id, semester, COUNT(enrollment_id) AS total FROM enrollment GROUP BY course_id, semester) t GROUP BY course_id, semester;"
"List all enrollments with department name, student full name, and course credits","SELECT e.enrollment_id, CONCAT(s.first_name, ' ', s.last_name) AS student_name, d.department_name, c.credits FROM enrollment e JOIN student s ON e.student_id = s.student_id JOIN course c ON e.course_id = c.course_id JOIN department d ON c.department_id = d.department_id;"
src_nl,tgt_sql
"List all subjects","SELECT * FROM subject"
"Get subject names and their codes","SELECT subject_name, subject_code FROM subject"
"Show subjects along with their course names","SELECT s.subject_name, c.course_name FROM subject s JOIN course c ON s.course_id = c.course_id"
"Find subjects taught by faculty with ID 10","SELECT * FROM subject WHERE faculty_id = 10"
"List subjects with credits greater than 3","SELECT * FROM subject WHERE credits > 3"
"Count how many subjects are offered in semester 2","SELECT COUNT(*) FROM subject WHERE semester = 2"
"Find subjects with subject code starting with 'CS'","SELECT * FROM subject WHERE subject_code LIKE 'CS%'"
"Get total credits of all subjects in course ID 5","SELECT SUM(credits) FROM subject WHERE course_id = 5"
"List subjects and their faculty names","SELECT s.subject_name, f.first_name || ' ' || f.last_name AS faculty_name FROM subject s JOIN faculty f ON s.faculty_id = f.faculty_id"
"Find subjects without assigned faculty","SELECT * FROM subject WHERE faculty_id IS NULL"
"Get subjects offered in semester 1 for course ID 3","SELECT * FROM subject WHERE semester = 1 AND course_id = 3"
"Show subjects and the department they belong to via course","SELECT s.subject_name, d.department_name FROM subject s JOIN course c ON s.course_id = c.course_id JOIN department d ON c.department_id = d.department_id"
"List subjects with credits between 2 and 4","SELECT * FROM subject WHERE credits BETWEEN 2 AND 4"
"Find faculty IDs teaching more than 3 subjects","SELECT faculty_id, COUNT(*) AS subject_count FROM subject GROUP BY faculty_id HAVING COUNT(*) > 3"
"Show subject names and their credit values ordered by credits descending","SELECT subject_name, credits FROM subject ORDER BY credits DESC"
"Find all subjects taught by faculty named 'John'","SELECT s.* FROM subject s JOIN faculty f ON s.faculty_id = f.faculty_id WHERE f.first_name = 'John'"
"Get subject details for subject code 'MATH101'","SELECT * FROM subject WHERE subject_code = 'MATH101'"
"Find subjects and their course codes for department ID 4","SELECT s.subject_name, c.course_code FROM subject s JOIN course c ON s.course_id = c.course_id WHERE c.department_id = 4"
"Count subjects per semester","SELECT semester, COUNT(*) FROM subject GROUP BY semester"
"List subjects where credits are less than or equal to 2","SELECT * FROM subject WHERE credits <= 2"
"List subjects offered in semesters greater than 3","SELECT * FROM subject WHERE semester > 3"
"Get subject codes and names for faculty who joined after 2020","SELECT s.subject_code, s.subject_name FROM subject s JOIN faculty f ON s.faculty_id = f.faculty_id WHERE f.joining_date > '2020-01-01'"
"Show subjects taught by inactive faculty","SELECT s.* FROM subject s JOIN faculty f ON s.faculty_id = f.faculty_id WHERE f.is_active = FALSE"
"List distinct semesters in which subjects are taught","SELECT DISTINCT semester FROM subject"
"Find the average credits per semester","SELECT semester, AVG(credits) AS avg_credits FROM subject GROUP BY semester"
"Get the maximum credits among all subjects","SELECT MAX(credits) FROM subject"
"Find subjects with subject_name containing 'Data'","SELECT * FROM subject WHERE subject_name LIKE '%Data%'"
"List subjects and corresponding faculty emails","SELECT s.subject_name, f.email FROM subject s JOIN faculty f ON s.faculty_id = f.faculty_id"
"Get total number of subjects per course","SELECT course_id, COUNT(*) AS subject_count FROM subject GROUP BY course_id"
"Find subjects where faculty’s designation is 'Professor'","SELECT s.* FROM subject s JOIN faculty f ON s.faculty_id = f.faculty_id WHERE f.designation = 'Professor'"
"Show subjects taught by faculty from department ID 2","SELECT s.* FROM subject s JOIN faculty f ON s.faculty_id = f.faculty_id WHERE f.department_id = 2"
"List subject names ordered alphabetically","SELECT subject_name FROM subject ORDER BY subject_name ASC"
"Find subjects assigned to faculty whose last name is 'Smith'","SELECT s.* FROM subject s JOIN faculty f ON s.faculty_id = f.faculty_id WHERE f.last_name = 'Smith'"
"Get subject codes for courses in department 'Computer Science'","SELECT s.subject_code FROM subject s JOIN course c ON s.course_id = c.course_id JOIN department d ON c.department_id = d.department_id WHERE d.department_name = 'Computer Science'"
"Count how many subjects are taught by each faculty","SELECT faculty_id, COUNT(*) FROM subject GROUP BY faculty_id"
"Find subjects with semester equal to faculty joining year","SELECT s.* FROM subject s JOIN faculty f ON s.faculty_id = f.faculty_id WHERE s.semester = EXTRACT(YEAR FROM f.joining_date)"
"List subject names and credits where credits are odd numbers","SELECT subject_name, credits FROM subject WHERE MOD(credits, 2) = 1"
"Get the total number of subjects that have a faculty assigned","SELECT COUNT(*) FROM subject WHERE faculty_id IS NOT NULL"
"Find subjects linked to courses lasting more than 3 years","SELECT s.* FROM subject s JOIN course c ON s.course_id = c.course_id WHERE c.duration_years > 3"
"Get subjects where subject_name length is more than 10 characters","SELECT * FROM subject WHERE LENGTH(subject_name) > 10"
"Find subjects taught by faculty with salary greater than 70000","SELECT s.* FROM subject s JOIN faculty f ON s.faculty_id = f.faculty_id WHERE f.salary > 70000"
"List subjects and the number of students enrolled in their courses","SELECT s.subject_name, COUNT(e.student_id) AS enrolled_students FROM subject s JOIN course c ON s.course_id = c.course_id JOIN enrollment e ON c.course_id = e.course_id GROUP BY s.subject_name"
"Show subjects offered in the first semester and credits greater than 3","SELECT * FROM subject WHERE semester = 1 AND credits > 3"
"Find subjects with faculty email ending in '@university.edu'","SELECT s.* FROM subject s JOIN faculty f ON s.faculty_id = f.faculty_id WHERE f.email LIKE '%@university.edu'"
"Get subject names taught by faculties who are active","SELECT s.subject_name FROM subject s JOIN faculty f ON s.faculty_id = f.faculty_id WHERE f.is_active = TRUE"
"List subjects and the earliest exam date from marks table","SELECT s.subject_name, MIN(m.exam_date) AS earliest_exam FROM subject s JOIN marks m ON s.subject_id = m.subject_id GROUP BY s.subject_name"
"Find subjects that do not have any attendance records","SELECT * FROM subject WHERE subject_id NOT IN (SELECT DISTINCT subject_id FROM attendance)"
"Show subjects where total credits for the course is more than 20","SELECT s.* FROM subject s JOIN course c ON s.course_id = c.course_id WHERE (SELECT SUM(credits) FROM subject WHERE course_id = c.course_id) > 20"
"Find subjects taught by faculty whose qualification includes 'PhD'","SELECT s.* FROM subject s JOIN faculty f ON s.faculty_id = f.faculty_id WHERE f.qualification LIKE '%PhD%'"
"List subjects taught in the same semester as their course duration","SELECT s.* FROM subject s JOIN course c ON s.course_id = c.course_id WHERE s.semester = c.duration_years * 2"
"Get subject names and average marks of students","SELECT s.subject_name, AVG(m.total_marks) AS avg_marks FROM subject s JOIN marks m ON s.subject_id = m.subject_id GROUP BY s.subject_name"
"Find subjects with faculty phone numbers starting with '555'","SELECT s.* FROM subject s JOIN faculty f ON s.faculty_id = f.faculty_id WHERE f.phone LIKE '555%'"
"List subjects in courses that belong to the 'Engineering' department","SELECT s.* FROM subject s JOIN course c ON s.course_id = c.course_id JOIN department d ON c.department_id = d.department_id WHERE d.department_name = 'Engineering'"
"Get subjects that have had exams after '2023-01-01'","SELECT DISTINCT s.* FROM subject s JOIN marks m ON s.subject_id = m.subject_id WHERE m.exam_date > '2023-01-01'"
"Find subjects where faculty joined in the last 5 years","SELECT s.* FROM subject s JOIN faculty f ON s.faculty_id = f.faculty_id WHERE f.joining_date >= CURRENT_DATE - INTERVAL '5 years'"
"List subjects with their course code and faculty designation","SELECT s.subject_name, c.course_code, f.designation FROM subject s JOIN course c ON s.course_id = c.course_id JOIN faculty f ON s.faculty_id = f.faculty_id"
"Find subjects with credits less than the average credits of all subjects","SELECT * FROM subject WHERE credits < (SELECT AVG(credits) FROM subject)"
"Show subjects taught by faculties who are currently inactive","SELECT s.* FROM subject s JOIN faculty f ON s.faculty_id = f.faculty_id WHERE f.is_active = FALSE"
"List subjects with their semester and the total classes attended by students","SELECT s.subject_name, a.semester, SUM(a.attended_classes) AS total_attended FROM subject s JOIN attendance a ON s.subject_id = a.subject_id GROUP BY s.subject_name, a.semester"
"Find subjects offered in courses with more than 50 enrolled students","SELECT DISTINCT s.* FROM subject s JOIN course c ON s.course_id = c.course_id JOIN enrollment e ON c.course_id = e.course_id GROUP BY s.subject_id HAVING COUNT(e.student_id) > 50"
"Get subjects and faculty names who have faculty emails starting with 'prof.'","SELECT s.subject_name, f.first_name || ' ' || f.last_name AS faculty_name FROM subject s JOIN faculty f ON s.faculty_id = f.faculty_id WHERE f.email LIKE 'prof.%'"
"List subjects where the faculty belongs to the same department as the course","SELECT s.* FROM subject s JOIN faculty f ON s.faculty_id = f.faculty_id JOIN course c ON s.course_id = c.course_id WHERE f.department_id = c.department_id"
"Find subjects whose course duration is equal to the semester they are taught in","SELECT s.* FROM subject s JOIN course c ON s.course_id = c.course_id WHERE s.semester = c.duration_years"
"Get subject names and count of distinct students enrolled in their courses per semester","SELECT s.subject_name, e.semester, COUNT(DISTINCT e.student_id) FROM subject s JOIN course c ON s.course_id = c.course_id JOIN enrollment e ON c.course_id = e.course_id GROUP BY s.subject_name, e.semester"
"Show subjects taught by faculty with the highest salary in each department","WITH MaxSalary AS (SELECT department_id, MAX(salary) AS max_sal FROM faculty GROUP BY department_id) SELECT s.* FROM subject s JOIN faculty f ON s.faculty_id = f.faculty_id JOIN MaxSalary m ON f.department_id = m.department_id AND f.salary = m.max_sal"
"List subject codes for subjects taught by faculties who joined before 2010","SELECT s.subject_code FROM subject s JOIN faculty f ON s.faculty_id = f.faculty_id WHERE f.joining_date < '2010-01-01'"
"Find subjects that have total marks average above 75 in exams","SELECT s.subject_name FROM subject s JOIN marks m ON s.subject_id = m.subject_id GROUP BY s.subject_name HAVING AVG(m.total_marks) > 75"
"Get subject names and the sum of internal marks obtained by students","SELECT s.subject_name, SUM(m.internal_marks) FROM subject s JOIN marks m ON s.subject_id = m.subject_id GROUP BY s.subject_name"
"List subjects that are offered in semesters which are even numbers","SELECT * FROM subject WHERE semester % 2 = 0"
"Find subjects with faculty designation 'Assistant Professor' and credits more than 4","SELECT s.* FROM subject s JOIN faculty f ON s.faculty_id = f.faculty_id WHERE f.designation = 'Assistant Professor' AND s.credits > 4"
"Show subjects whose faculty email is null","SELECT * FROM subject WHERE faculty_id IN (SELECT faculty_id FROM faculty WHERE email IS NULL)"
"List subjects with subject_code length exactly 7 characters","SELECT * FROM subject WHERE LENGTH(subject_code) = 7"
"Find subjects with no enrolled students in their courses","SELECT s.* FROM subject s LEFT JOIN course c ON s.course_id = c.course_id LEFT JOIN enrollment e ON c.course_id = e.course_id WHERE e.enrollment_id IS NULL"
"Get subjects and faculty joining date ordered by joining date ascending","SELECT s.subject_name, f.joining_date FROM subject s JOIN faculty f ON s.faculty_id = f.faculty_id ORDER BY f.joining_date ASC"
"List subjects with credits equal to the median credits value","WITH OrderedCredits AS (SELECT credits, ROW_NUMBER() OVER (ORDER BY credits) AS rn, COUNT(*) OVER () AS cnt FROM subject) SELECT credits FROM OrderedCredits WHERE rn = (cnt + 1)/2"
"Find subjects taught in the latest semester available","SELECT * FROM subject WHERE semester = (SELECT MAX(semester) FROM subject)"
"Show subject names and the total attendance percentage summed over all students","SELECT s.subject_name, SUM(a.attendance_percentage) FROM subject s JOIN attendance a ON s.subject_id = a.subject_id GROUP BY s.subject_name"
"Find subjects offered in courses with less than 5 credits total","SELECT s.* FROM subject s JOIN course c ON s.course_id = c.course_id WHERE (SELECT SUM(credits) FROM subject WHERE course_id = c.course_id) < 5"
"Get subject names for which faculty phone is null or empty","SELECT s.subject_name FROM subject s JOIN faculty f ON s.faculty_id = f.faculty_id WHERE f.phone IS NULL OR f.phone = ''"
"List subjects and count of faculty members teaching each subject","SELECT subject_id, COUNT(faculty_id) FROM subject GROUP BY subject_id"
"Find subjects where the semester number is less than the faculty’s years of experience","SELECT s.* FROM subject s JOIN faculty f ON s.faculty_id = f.faculty_id WHERE s.semester < EXTRACT(YEAR FROM CURRENT_DATE) - EXTRACT(YEAR FROM f.joining_date)"
"List subjects with faculty names who have 'Philosophy' in their qualification","SELECT s.subject_name, f.first_name, f.last_name FROM subject s JOIN faculty f ON s.faculty_id = f.faculty_id WHERE f.qualification LIKE '%Philosophy%'"
"Show subjects where the course description contains 'advanced'","SELECT s.* FROM subject s JOIN course c ON s.course_id = c.course_id WHERE LOWER(c.description) LIKE '%advanced%'"
"Get subjects taught by faculty with phone numbers containing '123'","SELECT s.* FROM subject s JOIN faculty f ON s.faculty_id = f.faculty_id WHERE f.phone LIKE '%123%'"
"Find subjects with subject_code ending with '101'","SELECT * FROM subject WHERE subject_code LIKE '%101'"
"List subjects that have been assigned to faculty who are currently inactive","SELECT s.* FROM subject s JOIN faculty f ON s.faculty_id = f.faculty_id WHERE f.is_active = FALSE"
"Get subjects taught in the same semester as the average semester of all subjects","WITH AvgSem AS (SELECT AVG(semester) AS avg_sem FROM subject) SELECT * FROM subject WHERE semester = (SELECT ROUND(avg_sem) FROM AvgSem)"
"Find subjects taught by faculty whose last name starts with 'M'","SELECT s.* FROM subject s JOIN faculty f ON s.faculty_id = f.faculty_id WHERE f.last_name LIKE 'M%'"
"List subject names and codes for courses that have credits between 10 and 20","SELECT s.subject_name, s.subject_code FROM subject s JOIN course c ON s.course_id = c.course_id WHERE c.credits BETWEEN 10 AND 20"
"Show subjects and total external marks scored by students in exams","SELECT s.subject_name, SUM(m.external_marks) FROM subject s JOIN marks m ON s.subject_id = m.subject_id GROUP BY s.subject_name"
"Find subjects offered by departments established after 2000","SELECT s.* FROM subject s JOIN course c ON s.course_id = c.course_id JOIN department d ON c.department_id = d.department_id WHERE d.established_date > '2000-01-01'"
"List subjects with their course duration and faculty designation","SELECT s.subject_name, c.duration_years, f.designation FROM subject s JOIN course c ON s.course_id = c.course_id JOIN faculty f ON s.faculty_id = f.faculty_id"
"Get subject names where the faculty’s salary is between 50000 and 80000","SELECT s.subject_name FROM subject s JOIN faculty f ON s.faculty_id = f.faculty_id WHERE f.salary BETWEEN 50000 AND 80000"
"Find subjects with total marks below 50 in any exam","SELECT DISTINCT s.subject_name FROM subject s JOIN marks m ON s.subject_id = m.subject_id WHERE m.total_marks < 50"
"List subjects whose faculty joined in the same year as the admission year of any student","SELECT DISTINCT s.* FROM subject s JOIN faculty f ON s.faculty_id = f.faculty_id JOIN student st ON EXTRACT(YEAR FROM f.joining_date) = st.admission_year"
"Get subjects taught by faculties with the word 'Senior' in their designation","SELECT s.* FROM subject s JOIN faculty f ON s.faculty_id = f.faculty_id WHERE f.designation LIKE '%Senior%'"
"Show subjects that have been assigned to more than one faculty (if applicable)","SELECT subject_id, COUNT(faculty_id) FROM subject GROUP BY subject_id HAVING COUNT(faculty_id) > 1"
"Find subjects where faculty emails and phone numbers are not null","SELECT * FROM subject s JOIN faculty f ON s.faculty_id = f.faculty_id WHERE f.email IS NOT NULL AND f.phone IS NOT NULL"
"List subjects for which the total internal marks average is above 40","SELECT s.subject_name FROM subject s JOIN marks m ON s.subject_id = m.subject_id GROUP BY s.subject_name HAVING AVG(m.internal_marks) > 40"
"Get subject names for courses that have duration of exactly 4 years","SELECT s.subject_name FROM subject s JOIN course c ON s.course_id = c.course_id WHERE c.duration_years = 4"
"List all attendance records","SELECT * FROM attendance;"
"Show attendance details for student with ID 101","SELECT * FROM attendance WHERE student_id = 101;"
"Find students who attended more than 90% of classes","SELECT * FROM attendance WHERE attendance_percentage > 90;"
"Get total classes attended by student ID 102","SELECT SUM(attended_classes) AS total_attended FROM attendance WHERE student_id = 102;"
"Show attendance percentage of all students in semester 2","SELECT student_id, subject_id, attendance_percentage FROM attendance WHERE semester = 2;"
"List students with attendance below 75%","SELECT * FROM attendance WHERE attendance_percentage < 75;"
"Find average attendance percentage across all students","SELECT AVG(attendance_percentage) AS avg_attendance FROM attendance;"
"Get attendance details for subject 'Mathematics'","SELECT a.* FROM attendance a JOIN subject s ON a.subject_id = s.subject_id WHERE s.subject_name = 'Mathematics';"
"List all attendance entries from September 2023","SELECT * FROM attendance WHERE attendance_date BETWEEN '2023-09-01' AND '2023-09-30';"
"Show student names and their attendance percentage","SELECT s.first_name, s.last_name, a.attendance_percentage FROM attendance a JOIN student s ON a.student_id = s.student_id;"
"Get subjects where student 103 has less than 50% attendance","SELECT s.subject_name, a.attendance_percentage FROM attendance a JOIN subject s ON a.subject_id = s.subject_id WHERE a.student_id = 103 AND a.attendance_percentage < 50;"
"Count how many times each student was absent","SELECT student_id, SUM(total_classes - attended_classes) AS total_absent FROM attendance GROUP BY student_id;"
"Show average attendance per subject","SELECT subject_id, AVG(attendance_percentage) AS avg_attendance FROM attendance GROUP BY subject_id;"
"List students with perfect attendance (100%)","SELECT * FROM attendance WHERE attendance_percentage = 100;"
"Get number of subjects each student attended in semester 1","SELECT student_id, COUNT(subject_id) AS subjects_attended FROM attendance WHERE semester = 1 GROUP BY student_id;"
"List attendance details along with subject names","SELECT a.*, s.subject_name FROM attendance a JOIN subject s ON a.subject_id = s.subject_id;"
"Find the subject with lowest average attendance","SELECT s.subject_name, AVG(a.attendance_percentage) AS avg_attendance FROM attendance a JOIN subject s ON a.subject_id = s.subject_id GROUP BY s.subject_name ORDER BY avg_attendance ASC LIMIT 1;"
"Show attendance for student 'John Doe'","SELECT a.* FROM attendance a JOIN student s ON a.student_id = s.student_id WHERE s.first_name = 'John' AND s.last_name = 'Doe';"
"List attendance records sorted by attendance percentage descending","SELECT * FROM attendance ORDER BY attendance_percentage DESC;"
"Find department-wise average student attendance","SELECT d.department_name, AVG(a.attendance_percentage) AS avg_attendance FROM attendance a JOIN student s ON a.student_id = s.student_id JOIN department d ON s.department_id = d.department_id GROUP BY d.department_name;"
"Show the attendance percentage for each student per subject","SELECT student_id, subject_id, attendance_percentage FROM attendance;"
"Find students who have missed more than 10 classes in any subject","SELECT student_id, subject_id, (total_classes - attended_classes) AS classes_missed FROM attendance WHERE (total_classes - attended_classes) > 10;"
"Show all attendance records for the year 2024","SELECT * FROM attendance WHERE EXTRACT(YEAR FROM attendance_date) = 2024;"
"Get attendance details for subjects in semester 3","SELECT * FROM attendance WHERE semester = 3;"
"List student IDs with attendance percentage between 60 and 80","SELECT DISTINCT student_id FROM attendance WHERE attendance_percentage BETWEEN 60 AND 80;"
"Get the highest attendance percentage recorded","SELECT MAX(attendance_percentage) AS max_attendance FROM attendance;"
"List attendance details for subjects taught by faculty with ID 201","SELECT a.* FROM attendance a JOIN subject s ON a.subject_id = s.subject_id WHERE s.faculty_id = 201;"
"Find the student with the lowest attendance overall","SELECT student_id, AVG(attendance_percentage) AS avg_att FROM attendance GROUP BY student_id ORDER BY avg_att ASC LIMIT 1;"
"Show attendance percentage of each student by semester","SELECT student_id, semester, AVG(attendance_percentage) AS avg_attendance FROM attendance GROUP BY student_id, semester;"
"List all students who attended less than 5 classes in any subject","SELECT student_id, subject_id, attended_classes FROM attendance WHERE attended_classes < 5;"
"Get attendance data for subjects with more than 40 total classes","SELECT * FROM attendance WHERE total_classes > 40;"
"Find attendance for student ID 150 in subject ID 301","SELECT * FROM attendance WHERE student_id = 150 AND subject_id = 301;"
"Show attendance records grouped by subject and sorted by average attendance descending","SELECT subject_id, AVG(attendance_percentage) AS avg_att FROM attendance GROUP BY subject_id ORDER BY avg_att DESC;"
"List students who were present for all classes in any subject","SELECT * FROM attendance WHERE total_classes = attended_classes;"
"Get monthly average attendance percentage","SELECT DATE_TRUNC('month', attendance_date) AS month, AVG(attendance_percentage) AS avg_att FROM attendance GROUP BY month ORDER BY month;"
"Find total number of classes held per semester","SELECT semester, SUM(total_classes) AS total_classes_held FROM attendance GROUP BY semester;"
"Show the attendance trend for student 110 over different subjects","SELECT subject_id, attendance_percentage FROM attendance WHERE student_id = 110;"
"Find which subjects had the most absences overall","SELECT subject_id, SUM(total_classes - attended_classes) AS total_absent FROM attendance GROUP BY subject_id ORDER BY total_absent DESC;"
"Get a list of students who attended less than half of total classes","SELECT student_id, subject_id FROM attendance WHERE attended_classes < (total_classes / 2);"
"List attendance percentage of all students in 'Data Structures' subject","SELECT s.first_name, s.last_name, a.attendance_percentage FROM attendance a JOIN student s ON a.student_id = s.student_id JOIN subject sub ON a.subject_id = sub.subject_id WHERE sub.subject_name = 'Data Structures';"
"Find attendance records where the percentage is exactly 75","SELECT * FROM attendance WHERE attendance_percentage = 75;"
"Show the number of students with attendance above 95% in semester 1","SELECT COUNT(DISTINCT student_id) FROM attendance WHERE semester = 1 AND attendance_percentage > 95;"
"Display student ID and total number of subjects they have attendance data for","SELECT student_id, COUNT(subject_id) AS subject_count FROM attendance GROUP BY student_id;"
"Get the earliest attendance record date","SELECT MIN(attendance_date) AS earliest_date FROM attendance;"
"Show students who have attendance data for at least 3 different subjects","SELECT student_id FROM attendance GROUP BY student_id HAVING COUNT(DISTINCT subject_id) >= 3;"
"List subject IDs with average attendance less than 60%","SELECT subject_id FROM attendance GROUP BY subject_id HAVING AVG(attendance_percentage) < 60;"
"Show attendance records for students in semester 5 with less than 50% attendance","SELECT * FROM attendance WHERE semester = 5 AND attendance_percentage < 50;"
"Find the total number of classes attended by all students in semester 2","SELECT SUM(attended_classes) FROM attendance WHERE semester = 2;"
"Get attendance summary grouped by student and subject","SELECT student_id, subject_id, SUM(attended_classes) AS total_attended, SUM(total_classes) AS total_classes FROM attendance GROUP BY student_id, subject_id;"
"Show all attendance records ordered by attendance date","SELECT * FROM attendance ORDER BY attendance_date;"
"Find students who attended more classes than the average across all records","SELECT * FROM attendance WHERE attended_classes > (SELECT AVG(attended_classes) FROM attendance);"
"List attendance details of students who attended zero classes","SELECT * FROM attendance WHERE attended_classes = 0;"
"Retrieve students with consistent 100% attendance across all subjects","SELECT student_id FROM attendance GROUP BY student_id HAVING MIN(attendance_percentage) = 100;"
"Find students with attendance in the same subject more than once (duplicate records)","SELECT student_id, subject_id, COUNT(*) FROM attendance GROUP BY student_id, subject_id HAVING COUNT(*) > 1;"
"List attendance percentage by department","SELECT d.department_name, AVG(a.attendance_percentage) AS avg_attendance FROM attendance a JOIN student s ON a.student_id = s.student_id JOIN department d ON s.department_id = d.department_id GROUP BY d.department_name;"
"Get subjects where students have more absences than attendance","SELECT subject_id, student_id FROM attendance WHERE attended_classes < (total_classes - attended_classes);"
"Find attendance percentages for students enrolled in 'B.Tech Computer Science' course","SELECT s.student_id, a.subject_id, a.attendance_percentage FROM attendance a JOIN student s ON a.student_id = s.student_id JOIN enrollment e ON s.student_id = e.student_id JOIN course c ON e.course_id = c.course_id WHERE c.course_name = 'B.Tech Computer Science';"
"Display average attendance per semester per subject","SELECT semester, subject_id, AVG(attendance_percentage) AS avg_attendance FROM attendance GROUP BY semester, subject_id;"
"Show the total number of attendance records per student","SELECT student_id, COUNT(*) AS total_records FROM attendance GROUP BY student_id;"
"Get student names who have never missed a class in any subject","SELECT DISTINCT s.first_name, s.last_name FROM attendance a JOIN student s ON a.student_id = s.student_id WHERE total_classes = attended_classes;"
"Find students who attended fewer classes than the average for their semester","SELECT student_id FROM attendance a1 WHERE attended_classes < (SELECT AVG(attended_classes) FROM attendance a2 WHERE a2.semester = a1.semester);"
"Get subjects where more than 5 students have below 60% attendance","SELECT subject_id FROM attendance WHERE attendance_percentage < 60 GROUP BY subject_id HAVING COUNT(DISTINCT student_id) > 5;"
"List average attendance percentage of each student per subject","SELECT student_id, subject_id, AVG(attendance_percentage) AS avg_att FROM attendance GROUP BY student_id, subject_id;"
"Show how many students attended all scheduled classes in each subject","SELECT subject_id, COUNT(*) AS full_attendance_count FROM attendance WHERE total_classes = attended_classes GROUP BY subject_id;"
"Find the day with the highest total attendance recorded","SELECT attendance_date, SUM(attended_classes) AS total_attended FROM attendance GROUP BY attendance_date ORDER BY total_attended DESC LIMIT 1;"
"Get a list of subjects where average attendance is between 70% and 85%","SELECT subject_id FROM attendance GROUP BY subject_id HAVING AVG(attendance_percentage) BETWEEN 70 AND 85;"
"Show subjects where total classes were fewer than 10","SELECT DISTINCT subject_id FROM attendance WHERE total_classes < 10;"
"Find students who had attendance recorded in more than two semesters","SELECT student_id FROM attendance GROUP BY student_id HAVING COUNT(DISTINCT semester) > 2;"
"List each student’s total number of classes across all subjects","SELECT student_id, SUM(total_classes) AS total_classes FROM attendance GROUP BY student_id;"
"Get percentage of students with more than 80% average attendance","SELECT (COUNT(*) * 100.0 / (SELECT COUNT(DISTINCT student_id) FROM attendance)) AS percentage FROM (SELECT student_id, AVG(attendance_percentage) AS avg_att FROM attendance GROUP BY student_id HAVING avg_att > 80) sub;"
"List students who have attendance in subjects taught by faculty with last name 'Sharma'","SELECT DISTINCT a.student_id FROM attendance a JOIN subject s ON a.subject_id = s.subject_id JOIN faculty f ON s.faculty_id = f.faculty_id WHERE f.last_name = 'Sharma';"
"Find students with increasing attendance percentages across semesters","SELECT student_id FROM (SELECT student_id, semester, attendance_percentage, LAG(attendance_percentage) OVER (PARTITION BY student_id ORDER BY semester) AS prev_att FROM attendance) sub WHERE attendance_percentage > prev_att;"
"Show average attendance for each semester and department","SELECT a.semester, d.department_name, AVG(a.attendance_percentage) AS avg_att FROM attendance a JOIN student s ON a.student_id = s.student_id JOIN department d ON s.department_id = d.department_id GROUP BY a.semester, d.department_name;"
"Find students who have 0 attendance in any subject","SELECT DISTINCT student_id FROM attendance WHERE attended_classes = 0;"
"Get total number of classes conducted across all semesters and subjects","SELECT SUM(total_classes) AS total_classes_conducted FROM attendance;"
"List the top 3 students with highest total attendance across all subjects","SELECT student_id, SUM(attended_classes) AS total_att FROM attendance GROUP BY student_id ORDER BY total_att DESC LIMIT 3;"
"Get subjects and semesters where students have above average attendance","SELECT subject_id, semester FROM attendance WHERE attendance_percentage > (SELECT AVG(attendance_percentage) FROM attendance);"
"Show average number of classes held per subject per semester","SELECT subject_id, semester, AVG(total_classes) AS avg_classes FROM attendance GROUP BY subject_id, semester;"
"Find students who have attendance records but are not enrolled in any course","SELECT DISTINCT a.student_id FROM attendance a LEFT JOIN enrollment e ON a.student_id = e.student_id WHERE e.student_id IS NULL;"
"List all attendance records where the student attended exactly half of the total classes","SELECT * FROM attendance WHERE attended_classes = total_classes / 2;"
"Find the average number of attended classes for each subject","SELECT subject_id, AVG(attended_classes) AS avg_attended FROM attendance GROUP BY subject_id;"
"List students who have attendance records only for semester 1","SELECT student_id FROM attendance GROUP BY student_id HAVING COUNT(DISTINCT semester) = 1 AND MAX(semester) = 1;"
"Show all subjects where no student has full attendance","SELECT subject_id FROM attendance GROUP BY subject_id HAVING MAX(attendance_percentage) < 100;"
"Find the number of distinct attendance dates recorded","SELECT COUNT(DISTINCT attendance_date) FROM attendance;"
"List students with identical attendance percentage across all their subjects","SELECT student_id FROM attendance GROUP BY student_id HAVING MAX(attendance_percentage) = MIN(attendance_percentage);"
"Get total attendance for each day in October 2024","SELECT attendance_date, SUM(attended_classes) AS total_attended FROM attendance WHERE attendance_date BETWEEN '2024-10-01' AND '2024-10-31' GROUP BY attendance_date;"
"Find students who missed more than 25% of classes in all their subjects","SELECT student_id FROM attendance GROUP BY student_id HAVING MIN(attendance_percentage) < 75;"
"Show the count of attendance entries for each subject","SELECT subject_id, COUNT(*) AS attendance_entries FROM attendance GROUP BY subject_id;"
"List subjects where all students have more than 60% attendance","SELECT subject_id FROM attendance GROUP BY subject_id HAVING MIN(attendance_percentage) > 60;"
"Get the latest attendance entry per student","SELECT * FROM (SELECT *, ROW_NUMBER() OVER (PARTITION BY student_id ORDER BY attendance_date DESC) AS rn FROM attendance) sub WHERE rn = 1;"
"Show students with no attendance recorded after January 2025","SELECT DISTINCT student_id FROM attendance WHERE student_id NOT IN (SELECT student_id FROM attendance WHERE attendance_date > '2025-01-31');"
"List subjects with attendance recorded across at least 3 different semesters","SELECT subject_id FROM attendance GROUP BY subject_id HAVING COUNT(DISTINCT semester) >= 3;"
"Find students whose average attendance is below the global average","SELECT student_id FROM (SELECT student_id, AVG(attendance_percentage) AS avg_att FROM attendance GROUP BY student_id) s WHERE avg_att < (SELECT AVG(attendance_percentage) FROM attendance);"
"Get students who have more than 10 attendance records","SELECT student_id FROM attendance GROUP BY student_id HAVING COUNT(*) > 10;"
"Show subjects where more than 50 classes were conducted in total","SELECT subject_id, SUM(total_classes) AS total_classes FROM attendance GROUP BY subject_id HAVING SUM(total_classes) > 50;"
"Find the attendance date with the fewest total classes conducted","SELECT attendance_date FROM attendance GROUP BY attendance_date ORDER BY SUM(total_classes) ASC LIMIT 1;"
"Get the department-wise maximum attendance percentage","SELECT d.department_name, MAX(a.attendance_percentage) AS max_att FROM attendance a JOIN student s ON a.student_id = s.student_id JOIN department d ON s.department_id = d.department_id GROUP BY d.department_name;"
"Find students who attended classes in the same subject for multiple semesters","SELECT student_id, subject_id FROM attendance GROUP BY student_id, subject_id HAVING COUNT(DISTINCT semester) > 1;"
"List students who had exactly 75% attendance in any subject","SELECT DISTINCT student_id FROM attendance WHERE attendance_percentage = 75;"
"Show attendance data where the number of attended classes exceeds total classes (data error)","SELECT * FROM attendance WHERE attended_classes > total_classes;"
"List all marks records","SELECT * FROM marks;"
"Show marks details for student with ID 101","SELECT * FROM marks WHERE student_id = 101;"
"Get students who scored more than 80 in external marks","SELECT * FROM marks WHERE external_marks > 80;"
"Find the average internal marks for subject ID 203","SELECT AVG(internal_marks) AS avg_internal FROM marks WHERE subject_id = 203;"
"List students who got an 'A' grade","SELECT * FROM marks WHERE grade = 'A';"
"Show total marks for each student","SELECT student_id, SUM(total_marks) AS total FROM marks GROUP BY student_id;"
"Get the highest total marks scored in any subject","SELECT MAX(total_marks) AS max_total FROM marks;"
"List all students who appeared for exams in semester 4","SELECT * FROM marks WHERE semester = 4;"
"Find students who scored below 35 in external marks","SELECT * FROM marks WHERE external_marks < 35;"
"Show the average total marks per semester","SELECT semester, AVG(total_marks) AS avg_total FROM marks GROUP BY semester;"
"List subjects where the average total marks is greater than 75","SELECT subject_id FROM marks GROUP BY subject_id HAVING AVG(total_marks) > 75;"
"Get all marks records for the subject 'Data Structures'","SELECT m.* FROM marks m JOIN subject s ON m.subject_id = s.subject_id WHERE s.subject_name = 'Data Structures';"
"List top 5 students with the highest total marks in subject ID 105","SELECT student_id, total_marks FROM marks WHERE subject_id = 105 ORDER BY total_marks DESC LIMIT 5;"
"Find how many students scored more than 40 in both internal and external marks","SELECT COUNT(*) FROM marks WHERE internal_marks > 40 AND external_marks > 40;"
"Show student names along with their total marks","SELECT s.first_name, s.last_name, m.total_marks FROM marks m JOIN student s ON m.student_id = s.student_id;"
"Get subject-wise maximum external marks","SELECT subject_id, MAX(external_marks) AS max_external FROM marks GROUP BY subject_id;"
"List all records where total marks is less than internal marks (data error)","SELECT * FROM marks WHERE total_marks < internal_marks;"
"Find the average grade per semester","SELECT semester, AVG(CASE grade WHEN 'A' THEN 4 WHEN 'B' THEN 3 WHEN 'C' THEN 2 WHEN 'D' THEN 1 ELSE 0 END) AS avg_grade_score FROM marks GROUP BY semester;"
"Show students who gave an exam on '2025-06-15'","SELECT * FROM marks WHERE exam_date = '2025-06-15';"
"Get total marks obtained by student ID 110 in semester 2","SELECT SUM(total_marks) FROM marks WHERE student_id = 110 AND semester = 2;"
"Get the number of students who failed in any subject (external marks less than 35)","SELECT COUNT(DISTINCT student_id) FROM marks WHERE external_marks < 35;"
"Find students who scored exactly the same in internal and external marks","SELECT * FROM marks WHERE internal_marks = external_marks;"
"Show average total marks for each grade","SELECT grade, AVG(total_marks) AS avg_total FROM marks GROUP BY grade;"
"List subjects where at least one student scored full marks (100) in total","SELECT DISTINCT subject_id FROM marks WHERE total_marks = 100;"
"Get the top scoring student per subject","SELECT subject_id, student_id, MAX(total_marks) AS max_total FROM marks GROUP BY subject_id, student_id;"
"Find how many times each grade was awarded","SELECT grade, COUNT(*) AS count FROM marks GROUP BY grade;"
"List students who wrote exams in more than 5 subjects","SELECT student_id FROM marks GROUP BY student_id HAVING COUNT(subject_id) > 5;"
"Find the subject with the lowest average internal marks","SELECT subject_id FROM marks GROUP BY subject_id ORDER BY AVG(internal_marks) ASC LIMIT 1;"
"Get subject-wise total internal and external marks scored by student ID 108","SELECT subject_id, SUM(internal_marks) AS total_internal, SUM(external_marks) AS total_external FROM marks WHERE student_id = 108 GROUP BY subject_id;"
"Show marks entries where grade is null or missing","SELECT * FROM marks WHERE grade IS NULL OR grade = '';"
"List students who got the same total marks in two or more subjects","SELECT student_id FROM marks GROUP BY student_id, total_marks HAVING COUNT(*) > 1;"
"Get total number of subjects with exams conducted in semester 3","SELECT COUNT(DISTINCT subject_id) FROM marks WHERE semester = 3;"
"Show total and average marks of each student in semester 5","SELECT student_id, SUM(total_marks) AS total, AVG(total_marks) AS average FROM marks WHERE semester = 5 GROUP BY student_id;"
"Find the number of subjects each student has been graded in","SELECT student_id, COUNT(subject_id) AS graded_subjects FROM marks WHERE grade IS NOT NULL GROUP BY student_id;"
"List all exam dates and number of students who appeared on each date","SELECT exam_date, COUNT(DISTINCT student_id) AS student_count FROM marks GROUP BY exam_date;"
"Get marks details for students in 'Mechanical Engineering' department","SELECT m.* FROM marks m JOIN student s ON m.student_id = s.student_id JOIN department d ON s.department_id = d.department_id WHERE d.department_name = 'Mechanical Engineering';"
"Find students who got the lowest total marks in each subject","SELECT m1.subject_id, m1.student_id, m1.total_marks FROM marks m1 WHERE m1.total_marks = (SELECT MIN(m2.total_marks) FROM marks m2 WHERE m2.subject_id = m1.subject_id);"
"List all students whose total marks are above average for their subject","SELECT m.student_id, m.subject_id, m.total_marks FROM marks m JOIN (SELECT subject_id, AVG(total_marks) AS avg_total FROM marks GROUP BY subject_id) avg_marks ON m.subject_id = avg_marks.subject_id WHERE m.total_marks > avg_marks.avg_total;"
"Get number of students who appeared for each subject in semester 2","SELECT subject_id, COUNT(DISTINCT student_id) AS student_count FROM marks WHERE semester = 2 GROUP BY subject_id;"
"Show difference between internal and external marks for each student and subject","SELECT student_id, subject_id, (internal_marks - external_marks) AS marks_difference FROM marks;"
"Find students who have received all their grades as 'A'","SELECT student_id FROM marks GROUP BY student_id HAVING MIN(grade) = 'A' AND MAX(grade) = 'A';"
"Show subject-wise average external marks for semester 4","SELECT subject_id, AVG(external_marks) AS avg_external FROM marks WHERE semester = 4 GROUP BY subject_id;"
"Get marks details for students who wrote exams after July 2025","SELECT * FROM marks WHERE exam_date > '2025-07-01';"
"List all students who scored below the subject average in external marks","SELECT m.student_id, m.subject_id, m.external_marks FROM marks m JOIN (SELECT subject_id, AVG(external_marks) AS avg_ext FROM marks GROUP BY subject_id) s_avg ON m.subject_id = s_avg.subject_id WHERE m.external_marks < s_avg.avg_ext;"
"Get the count of distinct subjects each student appeared for","SELECT student_id, COUNT(DISTINCT subject_id) AS subject_count FROM marks GROUP BY student_id;"
"Find students who scored the same total marks across all semesters","SELECT student_id FROM marks GROUP BY student_id HAVING MIN(total_marks) = MAX(total_marks);"
"Show average marks per subject per grade","SELECT subject_id, grade, AVG(total_marks) AS avg_marks FROM marks GROUP BY subject_id, grade;"
"List all students who got an 'F' grade in any subject","SELECT DISTINCT student_id FROM marks WHERE grade = 'F';"
"Get students whose internal marks are at least twice their external marks","SELECT student_id, subject_id FROM marks WHERE internal_marks >= 2 * external_marks;"
"Show subjects with maximum number of 'B' grades","SELECT subject_id, COUNT(*) AS b_grade_count FROM marks WHERE grade = 'B' GROUP BY subject_id ORDER BY b_grade_count DESC;"
"Find students with total marks above 90 in at least three subjects","SELECT student_id FROM marks WHERE total_marks > 90 GROUP BY student_id HAVING COUNT(*) >= 3;"
"Get internal and external marks for each student in 'Database Systems'","SELECT m.student_id, m.internal_marks, m.external_marks FROM marks m JOIN subject s ON m.subject_id = s.subject_id WHERE s.subject_name = 'Database Systems';"
"List the top 3 subjects with highest average total marks","SELECT subject_id, AVG(total_marks) AS avg_total FROM marks GROUP BY subject_id ORDER BY avg_total DESC LIMIT 3;"
"Find students who scored below 40 in internal marks but passed overall (total_marks >= 50)","SELECT * FROM marks WHERE internal_marks < 40 AND total_marks >= 50;"
"Show subject-wise standard deviation of total marks","SELECT subject_id, STDDEV(total_marks) AS std_dev FROM marks GROUP BY subject_id;"
"Find how many students got the same grade in all subjects","SELECT student_id FROM marks GROUP BY student_id HAVING COUNT(DISTINCT grade) = 1;"
"Get the average internal and external marks per semester","SELECT semester, AVG(internal_marks) AS avg_internal, AVG(external_marks) AS avg_external FROM marks GROUP BY semester;"
"List students who scored over 45 in internal and external marks for subject ID 202","SELECT student_id FROM marks WHERE subject_id = 202 AND internal_marks > 45 AND external_marks > 45;"
"Show all students who got the lowest total marks in any subject","SELECT student_id, subject_id, total_marks FROM marks m WHERE total_marks = (SELECT MIN(total_marks) FROM marks WHERE subject_id = m.subject_id);"
"Find students who improved their total marks in higher semesters","SELECT student_id FROM (SELECT student_id, semester, total_marks, LAG(total_marks) OVER (PARTITION BY student_id ORDER BY semester) AS prev_marks FROM marks) sub WHERE total_marks > prev_marks;"
"Find the student with the highest total marks in each semester","SELECT semester, student_id, MAX(total_marks) AS max_total FROM marks GROUP BY semester, student_id ORDER BY semester;"
"List students who scored zero in either internal or external marks","SELECT * FROM marks WHERE internal_marks = 0 OR external_marks = 0;"
"Get average marks scored by students per admission year","SELECT s.admission_year, AVG(m.total_marks) AS avg_total FROM marks m JOIN student s ON m.student_id = s.student_id GROUP BY s.admission_year;"
"Find the top 3 students with highest average total marks across all subjects","SELECT student_id, AVG(total_marks) AS avg_total FROM marks GROUP BY student_id ORDER BY avg_total DESC LIMIT 3;"
"Show subjects with attendance percentage above 90% and average total marks above 75","SELECT sub.subject_id, AVG(m.total_marks) AS avg_marks FROM marks m JOIN attendance a ON m.student_id = a.student_id AND m.subject_id = a.subject_id GROUP BY sub.subject_id HAVING AVG(a.attendance_percentage) > 90 AND AVG(m.total_marks) > 75;"
"List students whose internal marks improved semester over semester","SELECT student_id FROM (SELECT student_id, semester, internal_marks, LAG(internal_marks) OVER (PARTITION BY student_id ORDER BY semester) AS prev_internal FROM marks) t WHERE internal_marks > prev_internal;"
"Find subjects where external marks are consistently higher than internal marks","SELECT subject_id FROM marks GROUP BY subject_id HAVING MIN(external_marks - internal_marks) > 0;"
"Get the count of students who have never scored below 50 in total marks","SELECT COUNT(DISTINCT student_id) FROM marks GROUP BY student_id HAVING MIN(total_marks) >= 50;"
"Show students with declining total marks over three consecutive semesters","SELECT student_id FROM (SELECT student_id, semester, total_marks, LAG(total_marks, 1) OVER (PARTITION BY student_id ORDER BY semester) AS prev1, LAG(total_marks, 2) OVER (PARTITION BY student_id ORDER BY semester) AS prev2 FROM marks) t WHERE total_marks < prev1 AND prev1 < prev2;"
"Find the average exam score difference between internal and external marks","SELECT AVG(ABS(internal_marks - external_marks)) AS avg_diff FROM marks;"
"List subjects with the highest variance in total marks","SELECT subject_id, VAR_POP(total_marks) AS variance FROM marks GROUP BY subject_id ORDER BY variance DESC LIMIT 5;"
"Get students who scored the maximum marks in multiple subjects","SELECT student_id, COUNT(subject_id) AS max_subjects FROM (SELECT subject_id, MAX(total_marks) AS max_marks FROM marks GROUP BY subject_id) m JOIN marks ON m.subject_id = marks.subject_id AND m.max_marks = marks.total_marks GROUP BY student_id HAVING COUNT(subject_id) > 1;"
"Show marks for students who appeared for exams in both semester 1 and semester 2","SELECT DISTINCT student_id FROM marks WHERE semester IN (1, 2) GROUP BY student_id HAVING COUNT(DISTINCT semester) = 2;"
"Find students whose total marks in subject X improved by at least 10 points compared to previous semester","SELECT student_id FROM (SELECT student_id, semester, total_marks, LAG(total_marks) OVER (PARTITION BY student_id ORDER BY semester) AS prev_marks FROM marks WHERE subject_id = X) t WHERE total_marks - prev_marks >= 10;"
"List students with average grade points above 3.5","SELECT student_id, AVG(CASE grade WHEN 'A' THEN 4 WHEN 'B' THEN 3 WHEN 'C' THEN 2 WHEN 'D' THEN 1 ELSE 0 END) AS avg_grade_point FROM marks GROUP BY student_id HAVING avg_grade_point > 3.5;"
"Show total internal marks per student for semester 6","SELECT student_id, SUM(internal_marks) AS total_internal FROM marks WHERE semester = 6 GROUP BY student_id;"
"Get subjects where at least 10 students scored an 'F' grade","SELECT subject_id FROM marks WHERE grade = 'F' GROUP BY subject_id HAVING COUNT(*) >= 10;"
"Find students who have both highest and lowest total marks in different subjects","SELECT student_id FROM (SELECT student_id, subject_id, total_marks, RANK() OVER (PARTITION BY subject_id ORDER BY total_marks DESC) AS rnk_high, RANK() OVER (PARTITION BY subject_id ORDER BY total_marks ASC) AS rnk_low FROM marks) t GROUP BY student_id HAVING SUM(CASE WHEN rnk_high = 1 THEN 1 ELSE 0 END) > 0 AND SUM(CASE WHEN rnk_low = 1 THEN 1 ELSE 0 END) > 0;"
"Show the count of exams taken by each student per academic year","SELECT s.student_id, e.academic_year, COUNT(m.marks_id) AS exam_count FROM marks m JOIN enrollment e ON m.student_id = e.student_id GROUP BY s.student_id, e.academic_year;"
"List all students with a total mark gap of more than 20 between internal and external marks","SELECT student_id, subject_id, ABS(internal_marks - external_marks) AS marks_gap FROM marks WHERE ABS(internal_marks - external_marks) > 20;"
"Find students with average total marks below 40 in semester 1","SELECT student_id, AVG(total_marks) AS avg_total FROM marks WHERE semester = 1 GROUP BY student_id HAVING avg_total < 40;"
"List subjects where no student scored more than 90 total marks","SELECT subject_id FROM marks GROUP BY subject_id HAVING MAX(total_marks) <= 90;"
"Get the number of exams taken by each student in the year 2024","SELECT student_id, COUNT(*) AS exam_count FROM marks WHERE EXTRACT(YEAR FROM exam_date) = 2024 GROUP BY student_id;"
"Show students whose external marks exceeded internal marks by at least 15","SELECT student_id, subject_id FROM marks WHERE external_marks - internal_marks >= 15;"
"Find subjects with total credits above 3 and average total marks over 75","SELECT s.subject_id FROM subject s JOIN marks m ON s.subject_id = m.subject_id GROUP BY s.subject_id, s.credits HAVING s.credits > 3 AND AVG(m.total_marks) > 75;"
"Get students who never scored a grade lower than 'B'","SELECT student_id FROM marks WHERE grade NOT IN ('C', 'D', 'F') GROUP BY student_id HAVING COUNT(*) = (SELECT COUNT(*) FROM marks m2 WHERE m2.student_id = marks.student_id);"
"Show average internal and external marks per faculty member","SELECT f.faculty_id, AVG(m.internal_marks) AS avg_internal, AVG(m.external_marks) AS avg_external FROM marks m JOIN subject s ON m.subject_id = s.subject_id JOIN faculty f ON s.faculty_id = f.faculty_id GROUP BY f.faculty_id;"
"List subjects where internal marks average is less than 30","SELECT subject_id FROM marks GROUP BY subject_id HAVING AVG(internal_marks) < 30;"
"Find the difference between highest and lowest total marks for each student","SELECT student_id, MAX(total_marks) - MIN(total_marks) AS mark_range FROM marks GROUP BY student_id;"
"Get students who have taken exams in all semesters from 1 to 6","SELECT student_id FROM marks GROUP BY student_id HAVING COUNT(DISTINCT semester) = 6;"
"Show average total marks per subject for semester 3 ordered descending","SELECT subject_id, AVG(total_marks) AS avg_total FROM marks WHERE semester = 3 GROUP BY subject_id ORDER BY avg_total DESC;"
"List students whose average external marks are higher than their internal marks","SELECT student_id FROM marks GROUP BY student_id HAVING AVG(external_marks) > AVG(internal_marks);"
"Find subjects where the number of students scoring grade 'A' exceeds 5","SELECT subject_id FROM marks WHERE grade = 'A' GROUP BY subject_id HAVING COUNT(*) > 5;"
"Get the total marks and grade for student 205 in semester 2","SELECT total_marks, grade FROM marks WHERE student_id = 205 AND semester = 2;"
"List all students with grades between 'B' and 'D' in semester 4","SELECT student_id, grade FROM marks WHERE semester = 4 AND grade IN ('B', 'C', 'D');"
"Show students with total marks greater than 80 in subject 101","SELECT student_id FROM marks WHERE subject_id = 101 AND total_marks > 80;"
"Find average total marks scored by male and female students separately","SELECT s.gender, AVG(m.total_marks) AS avg_total FROM marks m JOIN student s ON m.student_id = s.student_id GROUP BY s.gender;"
"Get students who have scored exactly 50 in external marks","SELECT student_id FROM marks WHERE external_marks = 50;"
"List subjects with the most exams conducted in semester 1","SELECT subject_id, COUNT(*) AS exam_count FROM marks WHERE semester = 1 GROUP BY subject_id ORDER BY exam_count DESC LIMIT 3;"
"Show the total number of distinct students who appeared for exams per semester","SELECT semester, COUNT(DISTINCT student_id) AS student_count FROM marks GROUP BY semester;"